-- Seed script for LockIn Workouts
-- Generated from src/lib/exercises.ts and src/lib/workoutStore.ts
begin;

create extension if not exists "pgcrypto";

create or replace function slug_uuid(input text)
returns uuid
language sql
immutable
as $$
  select (
    substr(md5(input),1,8) || '-' ||
    substr(md5(input),9,4) || '-' ||
    substr(md5(input),13,4) || '-' ||
    substr(md5(input),17,4) || '-' ||
    substr(md5(input),21,12)
  )::uuid;
$$;

truncate table workout_tags, exercise_tags, workout_intervals, workouts, exercises, tags restart identity cascade;

insert into tags (id, name, category)
values
  (slug_uuid('tag:agility'), 'agility', 'focus'::tag_category),
  (slug_uuid('tag:back'), 'back', 'posture'::tag_category),
  (slug_uuid('tag:balance'), 'balance', 'focus'::tag_category),
  (slug_uuid('tag:bodyweight'), 'bodyweight', 'type'::tag_category),
  (slug_uuid('tag:cardio'), 'cardio', 'focus'::tag_category),
  (slug_uuid('tag:conditioning'), 'conditioning', 'focus'::tag_category),
  (slug_uuid('tag:control'), 'control', 'focus'::tag_category),
  (slug_uuid('tag:cooldown'), 'cooldown', 'type'::tag_category),
  (slug_uuid('tag:core'), 'core', 'focus'::tag_category),
  (slug_uuid('tag:core stability'), 'core stability', 'focus'::tag_category),
  (slug_uuid('tag:crawling'), 'crawling', 'focus'::tag_category),
  (slug_uuid('tag:full body'), 'full body', 'focus'::tag_category),
  (slug_uuid('tag:glutes'), 'glutes', 'focus'::tag_category),
  (slug_uuid('tag:hands'), 'hands', 'posture'::tag_category),
  (slug_uuid('tag:lower body'), 'lower body', 'focus'::tag_category),
  (slug_uuid('tag:mobility'), 'mobility', 'focus'::tag_category),
  (slug_uuid('tag:plank'), 'plank', 'focus'::tag_category),
  (slug_uuid('tag:posterior chain'), 'posterior chain', 'focus'::tag_category),
  (slug_uuid('tag:prone'), 'prone', 'posture'::tag_category),
  (slug_uuid('tag:push'), 'push', 'focus'::tag_category),
  (slug_uuid('tag:recovery'), 'recovery', 'focus'::tag_category),
  (slug_uuid('tag:shoulders'), 'shoulders', 'focus'::tag_category),
  (slug_uuid('tag:standing'), 'standing', 'type'::tag_category),
  (slug_uuid('tag:stretching'), 'stretching', 'focus'::tag_category),
  (slug_uuid('tag:trunk stability'), 'trunk stability', 'focus'::tag_category),
  (slug_uuid('tag:warm-up'), 'warm-up', 'type'::tag_category),
  (slug_uuid('tag:warm-up friendly'), 'warm-up friendly', 'focus'::tag_category);

insert into exercises (id, name, description, type, posture, infographic_key)
values
  (slug_uuid('exercise:jumping-jacks'), 'Jumping Jacks', 'Stand tall, jump feet wide as arms raise overhead, then jump back to start with soft knees.', 'standing'::exercise_type, 'standing'::posture_type, 'jumping-jacks'),
  (slug_uuid('exercise:high-knees'), 'High Knees', 'Run in place and drive knees toward hip height while keeping chest up and core braced.', 'standing'::exercise_type, 'standing'::posture_type, 'high-knees'),
  (slug_uuid('exercise:air-squats'), 'Air Squats', 'Sit hips back and down with heels planted, then stand by pressing through mid-foot.', 'standing'::exercise_type, 'standing'::posture_type, 'air-squats'),
  (slug_uuid('exercise:reverse-lunges'), 'Alternating Reverse Lunges', 'Step one leg back, lower both knees to about 90 degrees, then push through front heel to return.', 'standing'::exercise_type, 'standing'::posture_type, 'reverse-lunges'),
  (slug_uuid('exercise:standing-calf-raises'), 'Standing Calf Raises', 'Rise onto the balls of your feet with control, pause briefly at top, then lower slowly.', 'standing'::exercise_type, 'standing'::posture_type, 'standing-calf-raises'),
  (slug_uuid('exercise:standing-knee-drives'), 'Standing Knee Drives', 'Drive one knee up toward chest while balancing on the other leg, then alternate sides.', 'standing'::exercise_type, 'standing'::posture_type, 'standing-knee-drives'),
  (slug_uuid('exercise:standing-oblique-crunches'), 'Standing Oblique Crunches', 'Bring elbow and same-side knee toward each other to crunch through your side, then switch.', 'standing'::exercise_type, 'standing'::posture_type, 'standing-oblique-crunches'),
  (slug_uuid('exercise:bodyweight-good-mornings'), 'Bodyweight Good Mornings', 'Hinge at hips with a flat back and slight knee bend, then squeeze glutes to return upright.', 'standing'::exercise_type, 'standing'::posture_type, 'bodyweight-good-mornings'),
  (slug_uuid('exercise:side-steps'), 'Side Steps', 'Step laterally right and left with soft knees and an athletic stance, keeping tension in your hips.', 'standing'::exercise_type, 'standing'::posture_type, 'side-steps'),
  (slug_uuid('exercise:butt-kicks'), 'Butt Kicks', 'Jog in place and bring heels toward glutes while keeping your chest tall and core engaged.', 'standing'::exercise_type, 'standing'::posture_type, 'butt-kicks'),
  (slug_uuid('exercise:standing-front-kicks'), 'Standing Front Kicks', 'Kick one leg forward to hip height with control, lower it, then alternate sides.', 'standing'::exercise_type, 'standing'::posture_type, 'standing-front-kicks'),
  (slug_uuid('exercise:curtsy-lunges'), 'Curtsy Lunges', 'Step one leg diagonally behind the other, lower with control, then return and switch sides.', 'standing'::exercise_type, 'standing'::posture_type, 'curtsy-lunges'),
  (slug_uuid('exercise:standing-hip-abductions'), 'Standing Hip Abductions', 'Lift one leg out to the side without leaning, pause, and lower slowly before switching legs.', 'standing'::exercise_type, 'standing'::posture_type, 'standing-hip-abductions'),
  (slug_uuid('exercise:standing-toe-touches'), 'Standing Toe Touches', 'Alternate reaching opposite hand to opposite foot while hinging at hips and keeping movements controlled.', 'standing'::exercise_type, 'standing'::posture_type, 'standing-toe-touches'),
  (slug_uuid('exercise:skater-steps'), 'Skater Steps', 'Step or hop side to side, letting the trailing leg move behind you while maintaining balance.', 'standing'::exercise_type, 'standing'::posture_type, 'skater-steps'),
  (slug_uuid('exercise:standing-arm-circles'), 'Standing Arm Circles', 'Extend arms out at shoulder height and draw controlled circles, forward then backward.', 'standing'::exercise_type, 'standing'::posture_type, 'standing-arm-circles'),
  (slug_uuid('exercise:march-and-reach'), 'March and Reach', 'March in place while reaching one arm overhead at a time, keeping your torso tall.', 'standing'::exercise_type, 'standing'::posture_type, 'march-and-reach'),
  (slug_uuid('exercise:standing-cross-punches'), 'Standing Cross Punches', 'Throw alternating cross-body punches with core rotation and stable lower body stance.', 'standing'::exercise_type, 'standing'::posture_type, 'standing-cross-punches'),
  (slug_uuid('exercise:standing-hamstring-curls'), 'Standing Hamstring Curls', 'Curl one heel toward your glutes, lower with control, and alternate legs.', 'standing'::exercise_type, 'standing'::posture_type, 'standing-hamstring-curls'),
  (slug_uuid('exercise:lateral-lunges'), 'Lateral Lunges', 'Step wide to one side, sit hips back on that leg, then push back to center and switch.', 'standing'::exercise_type, 'standing'::posture_type, 'lateral-lunges'),
  (slug_uuid('exercise:standing-windmills'), 'Standing Windmills', 'Hinge and rotate to reach one hand toward opposite foot while the other arm points up.', 'standing'::exercise_type, 'standing'::posture_type, 'standing-windmills'),
  (slug_uuid('exercise:speed-skips'), 'Speed Skips', 'Perform quick low-impact skipping steps in place with rhythmic arm drive.', 'standing'::exercise_type, 'standing'::posture_type, 'speed-skips'),
  (slug_uuid('exercise:standing-quad-pulls'), 'Standing Quad Pulls', 'Pull one ankle toward glute to open the front of the thigh, then alternate dynamically.', 'standing'::exercise_type, 'standing'::posture_type, 'standing-quad-pulls'),
  (slug_uuid('exercise:standing-side-bends'), 'Standing Side Bends', 'Reach one arm overhead and bend sideways to lengthen and contract the side body.', 'standing'::exercise_type, 'standing'::posture_type, 'standing-side-bends'),
  (slug_uuid('exercise:neck-rolls'), 'Neck Rolls', 'Gently roll your head in controlled circles to release neck tension before training.', 'standing'::exercise_type, 'standing'::posture_type, 'neck-rolls'),
  (slug_uuid('exercise:shoulder-rolls'), 'Shoulder Rolls', 'Roll shoulders up, back, and down to warm the upper back and shoulder joints.', 'standing'::exercise_type, 'standing'::posture_type, 'shoulder-rolls'),
  (slug_uuid('exercise:standing-torso-rotations'), 'Standing Torso Rotations', 'Rotate your trunk side to side to prepare your spine and core for movement.', 'standing'::exercise_type, 'standing'::posture_type, 'standing-torso-rotations'),
  (slug_uuid('exercise:hip-circles'), 'Hip Circles', 'Draw smooth circles with your hips to loosen the hips and lower back.', 'standing'::exercise_type, 'standing'::posture_type, 'hip-circles'),
  (slug_uuid('exercise:ankle-circles'), 'Ankle Circles', 'Lift one foot and rotate the ankle joint to improve ankle mobility and balance.', 'standing'::exercise_type, 'standing'::posture_type, 'ankle-circles'),
  (slug_uuid('exercise:standing-quad-stretch'), 'Standing Quad Stretch', 'Pull heel to glute to lengthen the front thigh and open the hip flexors.', 'standing'::exercise_type, 'standing'::posture_type, 'standing-quad-stretch'),
  (slug_uuid('exercise:dynamic-hamstring-scoops'), 'Dynamic Hamstring Scoops', 'Sweep hands toward toes with a straight leg to warm hamstrings dynamically.', 'standing'::exercise_type, 'standing'::posture_type, 'dynamic-hamstring-scoops'),
  (slug_uuid('exercise:standing-calf-stretch'), 'Standing Calf Stretch', 'Step one foot back and press heel down to stretch calf and Achilles.', 'standing'::exercise_type, 'standing'::posture_type, 'standing-calf-stretch'),
  (slug_uuid('exercise:overhead-side-reach-stretch'), 'Overhead Side Reach Stretch', 'Reach overhead and arc side to side to lengthen lats and obliques.', 'standing'::exercise_type, 'standing'::posture_type, 'overhead-side-reach-stretch'),
  (slug_uuid('exercise:chest-opener-stretch'), 'Chest Opener Stretch', 'Open through the chest and shoulders by pulling arms behind your body.', 'standing'::exercise_type, 'standing'::posture_type, 'chest-opener-stretch'),
  (slug_uuid('exercise:cat-cow-standing'), 'Standing Cat-Cow', 'Alternate rounding and arching the spine in standing to mobilize the back before training.', 'standing'::exercise_type, 'standing'::posture_type, 'cat-cow-standing'),
  (slug_uuid('exercise:standing-figure-four-stretch'), 'Standing Figure-Four Stretch', 'Cross ankle over opposite thigh and sit back slightly to open glutes and hips.', 'standing'::exercise_type, 'standing'::posture_type, 'standing-figure-four-stretch'),
  (slug_uuid('exercise:standing-lat-stretch'), 'Standing Lat Stretch', 'Reach overhead and lean slightly to target the lats and side body.', 'standing'::exercise_type, 'standing'::posture_type, 'standing-lat-stretch'),
  (slug_uuid('exercise:wrist-circles'), 'Wrist Circles', 'Rotate wrists through full range to prepare hands and forearms for pressing and plank work.', 'standing'::exercise_type, 'standing'::posture_type, 'wrist-circles'),
  (slug_uuid('exercise:standing-adductor-rocks'), 'Standing Adductor Rocks', 'Shift side to side into a lateral stance to open inner thighs and hips dynamically.', 'standing'::exercise_type, 'standing'::posture_type, 'standing-adductor-rocks'),
  (slug_uuid('exercise:standing-forward-fold-stretch'), 'Standing Forward Fold Stretch', 'Hinge at the hips and relax into a gentle hamstring and lower-back stretch.', 'standing'::exercise_type, 'standing'::posture_type, 'standing-forward-fold-stretch'),
  (slug_uuid('exercise:cross-body-shoulder-stretch'), 'Cross-Body Shoulder Stretch', 'Pull one arm across your chest to release rear shoulder tension.', 'standing'::exercise_type, 'standing'::posture_type, 'cross-body-shoulder-stretch'),
  (slug_uuid('exercise:overhead-triceps-stretch'), 'Overhead Triceps Stretch', 'Reach one elbow overhead and gently press for triceps and lat flexibility.', 'standing'::exercise_type, 'standing'::posture_type, 'overhead-triceps-stretch'),
  (slug_uuid('exercise:standing-calf-hold-stretch'), 'Standing Calf Hold Stretch', 'Step one leg back and press the heel down to lengthen calf muscles.', 'standing'::exercise_type, 'standing'::posture_type, 'standing-calf-hold-stretch'),
  (slug_uuid('exercise:standing-quad-hold-stretch'), 'Standing Quad Hold Stretch', 'Pull one ankle toward your glute to stretch the front thigh.', 'standing'::exercise_type, 'standing'::posture_type, 'standing-quad-hold-stretch'),
  (slug_uuid('exercise:standing-figure-four-hold'), 'Standing Figure-Four Hold', 'Cross one ankle over opposite thigh and sit back to stretch glutes.', 'standing'::exercise_type, 'standing'::posture_type, 'standing-figure-four-hold'),
  (slug_uuid('exercise:standing-hamstring-hold-stretch'), 'Standing Hamstring Hold Stretch', 'Extend one heel forward and hinge gently to stretch the hamstring.', 'standing'::exercise_type, 'standing'::posture_type, 'standing-hamstring-hold-stretch'),
  (slug_uuid('exercise:side-neck-stretch'), 'Side Neck Stretch', 'Tilt your head to one side with gentle hand pressure to release neck tightness.', 'standing'::exercise_type, 'standing'::posture_type, 'side-neck-stretch'),
  (slug_uuid('exercise:chest-clasp-stretch'), 'Chest Clasp Stretch', 'Clasp hands behind your back and open your chest to ease shoulder tension.', 'standing'::exercise_type, 'standing'::posture_type, 'chest-clasp-stretch'),
  (slug_uuid('exercise:deep-breathing-arm-sweeps'), 'Deep Breathing Arm Sweeps', 'Slow arm sweeps coordinated with breathing to lower heart rate post-workout.', 'standing'::exercise_type, 'standing'::posture_type, 'deep-breathing-arm-sweeps'),
  (slug_uuid('exercise:inchworm-walkouts'), 'Inchworm Walkouts', 'Hinge down, walk your hands forward to a plank, then walk back and stand.', 'bodyweight'::exercise_type, 'hands'::posture_type, 'inchworm-walkouts'),
  (slug_uuid('exercise:plank-shoulder-taps'), 'Plank Shoulder Taps', 'From a plank, tap opposite shoulders while resisting hip sway.', 'bodyweight'::exercise_type, 'hands'::posture_type, 'plank-shoulder-taps'),
  (slug_uuid('exercise:mountain-climbers'), 'Mountain Climbers', 'Drive knees toward chest from plank position at a steady or fast pace.', 'bodyweight'::exercise_type, 'hands'::posture_type, 'mountain-climbers'),
  (slug_uuid('exercise:bodyweight-split-squats'), 'Bodyweight Split Squats', 'Use a staggered stance and lower straight down, then rise and repeat each side.', 'standing'::exercise_type, 'standing'::posture_type, 'bodyweight-split-squats'),
  (slug_uuid('exercise:glute-bridges'), 'Glute Bridges', 'Lift hips from the floor by squeezing glutes, then lower with control.', 'bodyweight'::exercise_type, 'back'::posture_type, 'glute-bridges'),
  (slug_uuid('exercise:dead-bugs'), 'Dead Bugs', 'Alternate opposite arm and leg extensions while keeping your low back stable.', 'bodyweight'::exercise_type, 'back'::posture_type, 'dead-bugs'),
  (slug_uuid('exercise:bird-dogs'), 'Bird Dogs', 'From all-fours, extend opposite arm and leg while staying balanced.', 'bodyweight'::exercise_type, 'hands'::posture_type, 'bird-dogs'),
  (slug_uuid('exercise:hollow-body-hold'), 'Hollow Body Hold', 'Hold a curved core position with lower back pressed into the floor.', 'bodyweight'::exercise_type, 'back'::posture_type, 'hollow-body-hold'),
  (slug_uuid('exercise:wall-sits'), 'Wall Sits', 'Sit against a wall with knees bent and hold the position.', 'standing'::exercise_type, 'standing'::posture_type, 'wall-sits'),
  (slug_uuid('exercise:reverse-snow-angels'), 'Reverse Snow Angels', 'Lying face down, sweep arms from overhead to hips to train upper back.', 'bodyweight'::exercise_type, 'prone'::posture_type, 'reverse-snow-angels'),
  (slug_uuid('exercise:superman-holds'), 'Superman Holds', 'Lift chest, arms, and legs off the floor to engage posterior chain.', 'bodyweight'::exercise_type, 'prone'::posture_type, 'superman-holds'),
  (slug_uuid('exercise:pike-shoulder-taps'), 'Pike Shoulder Taps', 'From a pike position, alternate shoulder taps while maintaining stability.', 'bodyweight'::exercise_type, 'hands'::posture_type, 'pike-shoulder-taps'),
  (slug_uuid('exercise:lateral-bounds'), 'Lateral Bounds', 'Explosively bound side to side, landing softly and under control.', 'standing'::exercise_type, 'standing'::posture_type, 'lateral-bounds'),
  (slug_uuid('exercise:tuck-jumps'), 'Tuck Jumps', 'Jump vertically and bring knees upward before landing softly.', 'standing'::exercise_type, 'standing'::posture_type, 'tuck-jumps'),
  (slug_uuid('exercise:jump-squats'), 'Jump Squats', 'Perform a squat and explode upward into a jump.', 'standing'::exercise_type, 'standing'::posture_type, 'jump-squats'),
  (slug_uuid('exercise:bear-crawls'), 'Bear Crawls', 'Crawl forward and back with knees hovering just off the floor.', 'bodyweight'::exercise_type, 'hands'::posture_type, 'bear-crawls'),
  (slug_uuid('exercise:crab-toe-touches'), 'Crab Toe Touches', 'From crab position, reach one hand to opposite foot and alternate.', 'bodyweight'::exercise_type, 'hands'::posture_type, 'crab-toe-touches'),
  (slug_uuid('exercise:plank-jacks'), 'Plank Jacks', 'In plank, jump feet out and in while maintaining a strong core.', 'bodyweight'::exercise_type, 'hands'::posture_type, 'plank-jacks'),
  (slug_uuid('exercise:walking-lunges'), 'Walking Lunges', 'Step forward into lunges continuously with upright posture.', 'standing'::exercise_type, 'standing'::posture_type, 'walking-lunges'),
  (slug_uuid('exercise:single-leg-romanian-deadlifts'), 'Single-Leg Romanian Deadlifts', 'Hinge on one leg while extending the other back, then return to stand.', 'standing'::exercise_type, 'standing'::posture_type, 'single-leg-romanian-deadlifts'),
  (slug_uuid('exercise:push-ups'), 'Push-Ups', 'Lower chest toward the floor from plank, then press back up with a rigid body line.', 'bodyweight'::exercise_type, 'hands'::posture_type, 'push-ups'),
  (slug_uuid('exercise:forearm-plank-hold'), 'Forearm Plank Hold', 'Hold a straight-body plank on forearms while breathing and bracing your core.', 'bodyweight'::exercise_type, 'hands'::posture_type, 'forearm-plank-hold'),
  (slug_uuid('exercise:side-plank-dips'), 'Side Plank Dips', 'In a side plank, lower hips slightly then lift using obliques.', 'bodyweight'::exercise_type, 'hands'::posture_type, 'side-plank-dips'),
  (slug_uuid('exercise:bicycle-crunches'), 'Bicycle Crunches', 'Alternate elbow-to-opposite-knee while extending the other leg.', 'bodyweight'::exercise_type, 'back'::posture_type, 'bicycle-crunches'),
  (slug_uuid('exercise:lying-leg-raises'), 'Lying Leg Raises', 'Raise straight legs from the floor and lower with core control.', 'bodyweight'::exercise_type, 'back'::posture_type, 'lying-leg-raises'),
  (slug_uuid('exercise:prone-swimmers'), 'Prone Swimmers', 'Lying face down, move arms in a swimming pattern while lifting chest slightly.', 'bodyweight'::exercise_type, 'prone'::posture_type, 'prone-swimmers');

insert into exercise_tags (exercise_id, tag_id)
values
  (slug_uuid('exercise:jumping-jacks'), slug_uuid('tag:standing')),
  (slug_uuid('exercise:high-knees'), slug_uuid('tag:standing')),
  (slug_uuid('exercise:air-squats'), slug_uuid('tag:standing')),
  (slug_uuid('exercise:reverse-lunges'), slug_uuid('tag:standing')),
  (slug_uuid('exercise:standing-calf-raises'), slug_uuid('tag:standing')),
  (slug_uuid('exercise:standing-knee-drives'), slug_uuid('tag:standing')),
  (slug_uuid('exercise:standing-oblique-crunches'), slug_uuid('tag:standing')),
  (slug_uuid('exercise:bodyweight-good-mornings'), slug_uuid('tag:standing')),
  (slug_uuid('exercise:side-steps'), slug_uuid('tag:standing')),
  (slug_uuid('exercise:butt-kicks'), slug_uuid('tag:standing')),
  (slug_uuid('exercise:standing-front-kicks'), slug_uuid('tag:standing')),
  (slug_uuid('exercise:curtsy-lunges'), slug_uuid('tag:standing')),
  (slug_uuid('exercise:standing-hip-abductions'), slug_uuid('tag:standing')),
  (slug_uuid('exercise:standing-toe-touches'), slug_uuid('tag:standing')),
  (slug_uuid('exercise:skater-steps'), slug_uuid('tag:standing')),
  (slug_uuid('exercise:standing-arm-circles'), slug_uuid('tag:standing')),
  (slug_uuid('exercise:march-and-reach'), slug_uuid('tag:standing')),
  (slug_uuid('exercise:standing-cross-punches'), slug_uuid('tag:standing')),
  (slug_uuid('exercise:standing-hamstring-curls'), slug_uuid('tag:standing')),
  (slug_uuid('exercise:lateral-lunges'), slug_uuid('tag:standing')),
  (slug_uuid('exercise:standing-windmills'), slug_uuid('tag:standing')),
  (slug_uuid('exercise:speed-skips'), slug_uuid('tag:standing')),
  (slug_uuid('exercise:standing-quad-pulls'), slug_uuid('tag:standing')),
  (slug_uuid('exercise:standing-side-bends'), slug_uuid('tag:standing')),
  (slug_uuid('exercise:neck-rolls'), slug_uuid('tag:standing')),
  (slug_uuid('exercise:neck-rolls'), slug_uuid('tag:warm-up')),
  (slug_uuid('exercise:shoulder-rolls'), slug_uuid('tag:standing')),
  (slug_uuid('exercise:shoulder-rolls'), slug_uuid('tag:warm-up')),
  (slug_uuid('exercise:standing-torso-rotations'), slug_uuid('tag:standing')),
  (slug_uuid('exercise:standing-torso-rotations'), slug_uuid('tag:warm-up')),
  (slug_uuid('exercise:hip-circles'), slug_uuid('tag:standing')),
  (slug_uuid('exercise:hip-circles'), slug_uuid('tag:warm-up')),
  (slug_uuid('exercise:ankle-circles'), slug_uuid('tag:standing')),
  (slug_uuid('exercise:ankle-circles'), slug_uuid('tag:warm-up')),
  (slug_uuid('exercise:standing-quad-stretch'), slug_uuid('tag:standing')),
  (slug_uuid('exercise:standing-quad-stretch'), slug_uuid('tag:warm-up')),
  (slug_uuid('exercise:dynamic-hamstring-scoops'), slug_uuid('tag:standing')),
  (slug_uuid('exercise:dynamic-hamstring-scoops'), slug_uuid('tag:warm-up')),
  (slug_uuid('exercise:standing-calf-stretch'), slug_uuid('tag:standing')),
  (slug_uuid('exercise:standing-calf-stretch'), slug_uuid('tag:warm-up')),
  (slug_uuid('exercise:overhead-side-reach-stretch'), slug_uuid('tag:standing')),
  (slug_uuid('exercise:overhead-side-reach-stretch'), slug_uuid('tag:warm-up')),
  (slug_uuid('exercise:chest-opener-stretch'), slug_uuid('tag:standing')),
  (slug_uuid('exercise:chest-opener-stretch'), slug_uuid('tag:warm-up')),
  (slug_uuid('exercise:cat-cow-standing'), slug_uuid('tag:standing')),
  (slug_uuid('exercise:cat-cow-standing'), slug_uuid('tag:warm-up')),
  (slug_uuid('exercise:standing-figure-four-stretch'), slug_uuid('tag:standing')),
  (slug_uuid('exercise:standing-figure-four-stretch'), slug_uuid('tag:warm-up')),
  (slug_uuid('exercise:standing-lat-stretch'), slug_uuid('tag:standing')),
  (slug_uuid('exercise:standing-lat-stretch'), slug_uuid('tag:warm-up')),
  (slug_uuid('exercise:wrist-circles'), slug_uuid('tag:standing')),
  (slug_uuid('exercise:wrist-circles'), slug_uuid('tag:warm-up')),
  (slug_uuid('exercise:standing-adductor-rocks'), slug_uuid('tag:standing')),
  (slug_uuid('exercise:standing-adductor-rocks'), slug_uuid('tag:warm-up')),
  (slug_uuid('exercise:standing-forward-fold-stretch'), slug_uuid('tag:standing')),
  (slug_uuid('exercise:standing-forward-fold-stretch'), slug_uuid('tag:cooldown')),
  (slug_uuid('exercise:cross-body-shoulder-stretch'), slug_uuid('tag:standing')),
  (slug_uuid('exercise:cross-body-shoulder-stretch'), slug_uuid('tag:cooldown')),
  (slug_uuid('exercise:overhead-triceps-stretch'), slug_uuid('tag:standing')),
  (slug_uuid('exercise:overhead-triceps-stretch'), slug_uuid('tag:cooldown')),
  (slug_uuid('exercise:standing-calf-hold-stretch'), slug_uuid('tag:standing')),
  (slug_uuid('exercise:standing-calf-hold-stretch'), slug_uuid('tag:cooldown')),
  (slug_uuid('exercise:standing-quad-hold-stretch'), slug_uuid('tag:standing')),
  (slug_uuid('exercise:standing-quad-hold-stretch'), slug_uuid('tag:cooldown')),
  (slug_uuid('exercise:standing-figure-four-hold'), slug_uuid('tag:standing')),
  (slug_uuid('exercise:standing-figure-four-hold'), slug_uuid('tag:cooldown')),
  (slug_uuid('exercise:standing-hamstring-hold-stretch'), slug_uuid('tag:standing')),
  (slug_uuid('exercise:standing-hamstring-hold-stretch'), slug_uuid('tag:cooldown')),
  (slug_uuid('exercise:side-neck-stretch'), slug_uuid('tag:standing')),
  (slug_uuid('exercise:side-neck-stretch'), slug_uuid('tag:cooldown')),
  (slug_uuid('exercise:chest-clasp-stretch'), slug_uuid('tag:standing')),
  (slug_uuid('exercise:chest-clasp-stretch'), slug_uuid('tag:cooldown')),
  (slug_uuid('exercise:deep-breathing-arm-sweeps'), slug_uuid('tag:standing')),
  (slug_uuid('exercise:deep-breathing-arm-sweeps'), slug_uuid('tag:cooldown')),
  (slug_uuid('exercise:inchworm-walkouts'), slug_uuid('tag:bodyweight')),
  (slug_uuid('exercise:inchworm-walkouts'), slug_uuid('tag:hands')),
  (slug_uuid('exercise:plank-shoulder-taps'), slug_uuid('tag:bodyweight')),
  (slug_uuid('exercise:plank-shoulder-taps'), slug_uuid('tag:hands')),
  (slug_uuid('exercise:mountain-climbers'), slug_uuid('tag:bodyweight')),
  (slug_uuid('exercise:mountain-climbers'), slug_uuid('tag:hands')),
  (slug_uuid('exercise:bodyweight-split-squats'), slug_uuid('tag:standing')),
  (slug_uuid('exercise:glute-bridges'), slug_uuid('tag:bodyweight')),
  (slug_uuid('exercise:glute-bridges'), slug_uuid('tag:back')),
  (slug_uuid('exercise:dead-bugs'), slug_uuid('tag:bodyweight')),
  (slug_uuid('exercise:dead-bugs'), slug_uuid('tag:back')),
  (slug_uuid('exercise:bird-dogs'), slug_uuid('tag:bodyweight')),
  (slug_uuid('exercise:bird-dogs'), slug_uuid('tag:hands')),
  (slug_uuid('exercise:hollow-body-hold'), slug_uuid('tag:bodyweight')),
  (slug_uuid('exercise:hollow-body-hold'), slug_uuid('tag:back')),
  (slug_uuid('exercise:wall-sits'), slug_uuid('tag:standing')),
  (slug_uuid('exercise:reverse-snow-angels'), slug_uuid('tag:bodyweight')),
  (slug_uuid('exercise:reverse-snow-angels'), slug_uuid('tag:prone')),
  (slug_uuid('exercise:superman-holds'), slug_uuid('tag:bodyweight')),
  (slug_uuid('exercise:superman-holds'), slug_uuid('tag:prone')),
  (slug_uuid('exercise:pike-shoulder-taps'), slug_uuid('tag:bodyweight')),
  (slug_uuid('exercise:pike-shoulder-taps'), slug_uuid('tag:hands')),
  (slug_uuid('exercise:lateral-bounds'), slug_uuid('tag:standing')),
  (slug_uuid('exercise:tuck-jumps'), slug_uuid('tag:standing')),
  (slug_uuid('exercise:jump-squats'), slug_uuid('tag:standing')),
  (slug_uuid('exercise:bear-crawls'), slug_uuid('tag:bodyweight')),
  (slug_uuid('exercise:bear-crawls'), slug_uuid('tag:hands')),
  (slug_uuid('exercise:crab-toe-touches'), slug_uuid('tag:bodyweight')),
  (slug_uuid('exercise:crab-toe-touches'), slug_uuid('tag:hands')),
  (slug_uuid('exercise:plank-jacks'), slug_uuid('tag:bodyweight')),
  (slug_uuid('exercise:plank-jacks'), slug_uuid('tag:hands')),
  (slug_uuid('exercise:walking-lunges'), slug_uuid('tag:standing')),
  (slug_uuid('exercise:single-leg-romanian-deadlifts'), slug_uuid('tag:standing')),
  (slug_uuid('exercise:push-ups'), slug_uuid('tag:bodyweight')),
  (slug_uuid('exercise:push-ups'), slug_uuid('tag:hands')),
  (slug_uuid('exercise:forearm-plank-hold'), slug_uuid('tag:bodyweight')),
  (slug_uuid('exercise:forearm-plank-hold'), slug_uuid('tag:hands')),
  (slug_uuid('exercise:side-plank-dips'), slug_uuid('tag:bodyweight')),
  (slug_uuid('exercise:side-plank-dips'), slug_uuid('tag:hands')),
  (slug_uuid('exercise:bicycle-crunches'), slug_uuid('tag:bodyweight')),
  (slug_uuid('exercise:bicycle-crunches'), slug_uuid('tag:back')),
  (slug_uuid('exercise:lying-leg-raises'), slug_uuid('tag:bodyweight')),
  (slug_uuid('exercise:lying-leg-raises'), slug_uuid('tag:back')),
  (slug_uuid('exercise:prone-swimmers'), slug_uuid('tag:bodyweight')),
  (slug_uuid('exercise:prone-swimmers'), slug_uuid('tag:prone'));

insert into workouts (id, name, description, estimated_minutes, is_warmup, is_cooldown)
values
  (slug_uuid('workout:0'), '5-Minute Warm-Up Flow', 'A quick full-body mobility warm-up using only stretching and movement-prep exercises, one minute each.', 5, true, false),
  (slug_uuid('workout:0b'), '5-Minute Cooldown Flow', 'A gentle post-workout cooldown with five mobility and stretching drills, one minute each.', 5, false, true),
  (slug_uuid('workout:1'), 'Standing Conditioning', 'A fast-paced standing cardio session to elevate heart rate and improve stamina with low equipment needs.', 30, false, false),
  (slug_uuid('workout:2'), 'Lower Body Standing', 'Targets quads, glutes, hamstrings, and calves through standing leg patterns and single-leg control.', 28, false, false),
  (slug_uuid('workout:3'), 'Standing Cardio Mix', 'An interval-focused standing workout that blends agility and rhythm for full-body cardio conditioning.', 30, false, false),
  (slug_uuid('workout:4'), 'Bodyweight Push and Plank', 'Builds upper-body and core endurance with plank mechanics, push strength, and anti-rotation control.', 30, false, false),
  (slug_uuid('workout:5'), 'Bodyweight Core Control', 'Focused core session emphasizing trunk control, anti-extension strength, and rotational endurance.', 30, false, false),
  (slug_uuid('workout:6'), 'Bodyweight Posterior and Crawl', 'Strengthens posterior chain and shoulder endurance through prone work and crawling locomotion.', 30, false, false);

insert into workout_tags (workout_id, tag_id)
values
  (slug_uuid('workout:0'), slug_uuid('tag:warm-up')),
  (slug_uuid('workout:0'), slug_uuid('tag:stretching')),
  (slug_uuid('workout:0'), slug_uuid('tag:mobility')),
  (slug_uuid('workout:0'), slug_uuid('tag:standing')),
  (slug_uuid('workout:0b'), slug_uuid('tag:cooldown')),
  (slug_uuid('workout:0b'), slug_uuid('tag:stretching')),
  (slug_uuid('workout:0b'), slug_uuid('tag:recovery')),
  (slug_uuid('workout:0b'), slug_uuid('tag:standing')),
  (slug_uuid('workout:1'), slug_uuid('tag:standing')),
  (slug_uuid('workout:1'), slug_uuid('tag:cardio')),
  (slug_uuid('workout:1'), slug_uuid('tag:conditioning')),
  (slug_uuid('workout:1'), slug_uuid('tag:warm-up friendly')),
  (slug_uuid('workout:2'), slug_uuid('tag:standing')),
  (slug_uuid('workout:2'), slug_uuid('tag:lower body')),
  (slug_uuid('workout:2'), slug_uuid('tag:glutes')),
  (slug_uuid('workout:2'), slug_uuid('tag:balance')),
  (slug_uuid('workout:3'), slug_uuid('tag:standing')),
  (slug_uuid('workout:3'), slug_uuid('tag:cardio')),
  (slug_uuid('workout:3'), slug_uuid('tag:agility')),
  (slug_uuid('workout:3'), slug_uuid('tag:full body')),
  (slug_uuid('workout:4'), slug_uuid('tag:bodyweight')),
  (slug_uuid('workout:4'), slug_uuid('tag:push')),
  (slug_uuid('workout:4'), slug_uuid('tag:plank')),
  (slug_uuid('workout:4'), slug_uuid('tag:core stability')),
  (slug_uuid('workout:5'), slug_uuid('tag:bodyweight')),
  (slug_uuid('workout:5'), slug_uuid('tag:core')),
  (slug_uuid('workout:5'), slug_uuid('tag:control')),
  (slug_uuid('workout:5'), slug_uuid('tag:trunk stability')),
  (slug_uuid('workout:6'), slug_uuid('tag:bodyweight')),
  (slug_uuid('workout:6'), slug_uuid('tag:posterior chain')),
  (slug_uuid('workout:6'), slug_uuid('tag:crawling')),
  (slug_uuid('workout:6'), slug_uuid('tag:shoulders'));

insert into workout_intervals (id, workout_id, exercise_id, label, description, kind, duration_seconds, position)
values
  (slug_uuid('interval:0:neck-rolls-warmup-1'), slug_uuid('workout:0'), slug_uuid('exercise:neck-rolls'), 'Neck Rolls', 'Gently roll your head in controlled circles to release neck tension before training.', 'exercise'::interval_kind, 60, 1),
  (slug_uuid('interval:0:shoulder-rolls-warmup-2'), slug_uuid('workout:0'), slug_uuid('exercise:shoulder-rolls'), 'Shoulder Rolls', 'Roll shoulders up, back, and down to warm the upper back and shoulder joints.', 'exercise'::interval_kind, 60, 2),
  (slug_uuid('interval:0:hip-circles-warmup-3'), slug_uuid('workout:0'), slug_uuid('exercise:hip-circles'), 'Hip Circles', 'Draw smooth circles with your hips to loosen the hips and lower back.', 'exercise'::interval_kind, 60, 3),
  (slug_uuid('interval:0:dynamic-hamstring-scoops-warmup-4'), slug_uuid('workout:0'), slug_uuid('exercise:dynamic-hamstring-scoops'), 'Dynamic Hamstring Scoops', 'Sweep hands toward toes with a straight leg to warm hamstrings dynamically.', 'exercise'::interval_kind, 60, 4),
  (slug_uuid('interval:0:standing-calf-stretch-warmup-5'), slug_uuid('workout:0'), slug_uuid('exercise:standing-calf-stretch'), 'Standing Calf Stretch', 'Step one foot back and press heel down to stretch calf and Achilles.', 'exercise'::interval_kind, 60, 5),
  (slug_uuid('interval:0b:standing-forward-fold-stretch-cooldown-1'), slug_uuid('workout:0b'), slug_uuid('exercise:standing-forward-fold-stretch'), 'Standing Forward Fold Stretch', 'Hinge at the hips and relax into a gentle hamstring and lower-back stretch.', 'exercise'::interval_kind, 60, 1),
  (slug_uuid('interval:0b:cross-body-shoulder-stretch-cooldown-2'), slug_uuid('workout:0b'), slug_uuid('exercise:cross-body-shoulder-stretch'), 'Cross-Body Shoulder Stretch', 'Pull one arm across your chest to release rear shoulder tension.', 'exercise'::interval_kind, 60, 2),
  (slug_uuid('interval:0b:overhead-triceps-stretch-cooldown-3'), slug_uuid('workout:0b'), slug_uuid('exercise:overhead-triceps-stretch'), 'Overhead Triceps Stretch', 'Reach one elbow overhead and gently press for triceps and lat flexibility.', 'exercise'::interval_kind, 60, 3),
  (slug_uuid('interval:0b:standing-quad-hold-stretch-cooldown-4'), slug_uuid('workout:0b'), slug_uuid('exercise:standing-quad-hold-stretch'), 'Standing Quad Hold Stretch', 'Pull one ankle toward your glute to stretch the front thigh.', 'exercise'::interval_kind, 60, 4),
  (slug_uuid('interval:0b:deep-breathing-arm-sweeps-cooldown-5'), slug_uuid('workout:0b'), slug_uuid('exercise:deep-breathing-arm-sweeps'), 'Deep Breathing Arm Sweeps', 'Slow arm sweeps coordinated with breathing to lower heart rate post-workout.', 'exercise'::interval_kind, 60, 5),
  (slug_uuid('interval:1:warmup-walk'), slug_uuid('workout:1'), null, 'Walking in Place', 'Walk in place with tall posture, steady breathing, and relaxed arm swing.', 'walk'::interval_kind, 30, 1),
  (slug_uuid('interval:1:jumping-jacks-work-1'), slug_uuid('workout:1'), slug_uuid('exercise:jumping-jacks'), 'Jumping Jacks', 'Stand tall, jump feet wide as arms raise overhead, then jump back to start with soft knees.', 'exercise'::interval_kind, 30, 2),
  (slug_uuid('interval:1:jumping-jacks-walk-1'), slug_uuid('workout:1'), null, 'Walking in Place', 'Recover by walking in place and preparing for the next movement.', 'walk'::interval_kind, 30, 3),
  (slug_uuid('interval:1:high-knees-work-2'), slug_uuid('workout:1'), slug_uuid('exercise:high-knees'), 'High Knees', 'Run in place and drive knees toward hip height while keeping chest up and core braced.', 'exercise'::interval_kind, 30, 4),
  (slug_uuid('interval:1:high-knees-walk-2'), slug_uuid('workout:1'), null, 'Walking in Place', 'Recover by walking in place and preparing for the next movement.', 'walk'::interval_kind, 30, 5),
  (slug_uuid('interval:1:butt-kicks-work-3'), slug_uuid('workout:1'), slug_uuid('exercise:butt-kicks'), 'Butt Kicks', 'Jog in place and bring heels toward glutes while keeping your chest tall and core engaged.', 'exercise'::interval_kind, 30, 6),
  (slug_uuid('interval:1:butt-kicks-walk-3'), slug_uuid('workout:1'), null, 'Walking in Place', 'Recover by walking in place and preparing for the next movement.', 'walk'::interval_kind, 30, 7),
  (slug_uuid('interval:1:march-and-reach-work-4'), slug_uuid('workout:1'), slug_uuid('exercise:march-and-reach'), 'March and Reach', 'March in place while reaching one arm overhead at a time, keeping your torso tall.', 'exercise'::interval_kind, 30, 8),
  (slug_uuid('interval:1:march-and-reach-walk-4'), slug_uuid('workout:1'), null, 'Walking in Place', 'Recover by walking in place and preparing for the next movement.', 'walk'::interval_kind, 30, 9),
  (slug_uuid('interval:1:speed-skips-work-5'), slug_uuid('workout:1'), slug_uuid('exercise:speed-skips'), 'Speed Skips', 'Perform quick low-impact skipping steps in place with rhythmic arm drive.', 'exercise'::interval_kind, 30, 10),
  (slug_uuid('interval:1:speed-skips-walk-5'), slug_uuid('workout:1'), null, 'Walking in Place', 'Recover by walking in place and preparing for the next movement.', 'walk'::interval_kind, 30, 11),
  (slug_uuid('interval:1:standing-cross-punches-work-6'), slug_uuid('workout:1'), slug_uuid('exercise:standing-cross-punches'), 'Standing Cross Punches', 'Throw alternating cross-body punches with core rotation and stable lower body stance.', 'exercise'::interval_kind, 30, 12),
  (slug_uuid('interval:1:standing-cross-punches-walk-6'), slug_uuid('workout:1'), null, 'Walking in Place', 'Recover by walking in place and preparing for the next movement.', 'walk'::interval_kind, 30, 13),
  (slug_uuid('interval:1:jumping-jacks-work-7'), slug_uuid('workout:1'), slug_uuid('exercise:jumping-jacks'), 'Jumping Jacks', 'Stand tall, jump feet wide as arms raise overhead, then jump back to start with soft knees.', 'exercise'::interval_kind, 30, 14),
  (slug_uuid('interval:1:jumping-jacks-walk-7'), slug_uuid('workout:1'), null, 'Walking in Place', 'Recover by walking in place and preparing for the next movement.', 'walk'::interval_kind, 30, 15),
  (slug_uuid('interval:1:high-knees-work-8'), slug_uuid('workout:1'), slug_uuid('exercise:high-knees'), 'High Knees', 'Run in place and drive knees toward hip height while keeping chest up and core braced.', 'exercise'::interval_kind, 30, 16),
  (slug_uuid('interval:1:high-knees-walk-8'), slug_uuid('workout:1'), null, 'Walking in Place', 'Recover by walking in place and preparing for the next movement.', 'walk'::interval_kind, 30, 17),
  (slug_uuid('interval:1:butt-kicks-work-9'), slug_uuid('workout:1'), slug_uuid('exercise:butt-kicks'), 'Butt Kicks', 'Jog in place and bring heels toward glutes while keeping your chest tall and core engaged.', 'exercise'::interval_kind, 30, 18),
  (slug_uuid('interval:1:butt-kicks-walk-9'), slug_uuid('workout:1'), null, 'Walking in Place', 'Recover by walking in place and preparing for the next movement.', 'walk'::interval_kind, 30, 19),
  (slug_uuid('interval:1:march-and-reach-work-10'), slug_uuid('workout:1'), slug_uuid('exercise:march-and-reach'), 'March and Reach', 'March in place while reaching one arm overhead at a time, keeping your torso tall.', 'exercise'::interval_kind, 30, 20),
  (slug_uuid('interval:1:march-and-reach-walk-10'), slug_uuid('workout:1'), null, 'Walking in Place', 'Recover by walking in place and preparing for the next movement.', 'walk'::interval_kind, 30, 21),
  (slug_uuid('interval:1:speed-skips-work-11'), slug_uuid('workout:1'), slug_uuid('exercise:speed-skips'), 'Speed Skips', 'Perform quick low-impact skipping steps in place with rhythmic arm drive.', 'exercise'::interval_kind, 30, 22),
  (slug_uuid('interval:1:speed-skips-walk-11'), slug_uuid('workout:1'), null, 'Walking in Place', 'Recover by walking in place and preparing for the next movement.', 'walk'::interval_kind, 30, 23),
  (slug_uuid('interval:1:standing-cross-punches-work-12'), slug_uuid('workout:1'), slug_uuid('exercise:standing-cross-punches'), 'Standing Cross Punches', 'Throw alternating cross-body punches with core rotation and stable lower body stance.', 'exercise'::interval_kind, 30, 24),
  (slug_uuid('interval:1:standing-cross-punches-walk-12'), slug_uuid('workout:1'), null, 'Walking in Place', 'Recover by walking in place and preparing for the next movement.', 'walk'::interval_kind, 30, 25),
  (slug_uuid('interval:1:jumping-jacks-work-13'), slug_uuid('workout:1'), slug_uuid('exercise:jumping-jacks'), 'Jumping Jacks', 'Stand tall, jump feet wide as arms raise overhead, then jump back to start with soft knees.', 'exercise'::interval_kind, 30, 26),
  (slug_uuid('interval:1:jumping-jacks-walk-13'), slug_uuid('workout:1'), null, 'Walking in Place', 'Recover by walking in place and preparing for the next movement.', 'walk'::interval_kind, 30, 27),
  (slug_uuid('interval:1:high-knees-work-14'), slug_uuid('workout:1'), slug_uuid('exercise:high-knees'), 'High Knees', 'Run in place and drive knees toward hip height while keeping chest up and core braced.', 'exercise'::interval_kind, 30, 28),
  (slug_uuid('interval:1:high-knees-walk-14'), slug_uuid('workout:1'), null, 'Walking in Place', 'Recover by walking in place and preparing for the next movement.', 'walk'::interval_kind, 30, 29),
  (slug_uuid('interval:1:butt-kicks-work-15'), slug_uuid('workout:1'), slug_uuid('exercise:butt-kicks'), 'Butt Kicks', 'Jog in place and bring heels toward glutes while keeping your chest tall and core engaged.', 'exercise'::interval_kind, 30, 30),
  (slug_uuid('interval:1:butt-kicks-walk-15'), slug_uuid('workout:1'), null, 'Walking in Place', 'Recover by walking in place and preparing for the next movement.', 'walk'::interval_kind, 30, 31),
  (slug_uuid('interval:1:march-and-reach-work-16'), slug_uuid('workout:1'), slug_uuid('exercise:march-and-reach'), 'March and Reach', 'March in place while reaching one arm overhead at a time, keeping your torso tall.', 'exercise'::interval_kind, 30, 32),
  (slug_uuid('interval:1:march-and-reach-walk-16'), slug_uuid('workout:1'), null, 'Walking in Place', 'Recover by walking in place and preparing for the next movement.', 'walk'::interval_kind, 30, 33),
  (slug_uuid('interval:1:speed-skips-work-17'), slug_uuid('workout:1'), slug_uuid('exercise:speed-skips'), 'Speed Skips', 'Perform quick low-impact skipping steps in place with rhythmic arm drive.', 'exercise'::interval_kind, 30, 34),
  (slug_uuid('interval:1:speed-skips-walk-17'), slug_uuid('workout:1'), null, 'Walking in Place', 'Recover by walking in place and preparing for the next movement.', 'walk'::interval_kind, 30, 35),
  (slug_uuid('interval:1:standing-cross-punches-work-18'), slug_uuid('workout:1'), slug_uuid('exercise:standing-cross-punches'), 'Standing Cross Punches', 'Throw alternating cross-body punches with core rotation and stable lower body stance.', 'exercise'::interval_kind, 30, 36),
  (slug_uuid('interval:1:standing-cross-punches-walk-18'), slug_uuid('workout:1'), null, 'Walking in Place', 'Recover by walking in place and preparing for the next movement.', 'walk'::interval_kind, 30, 37),
  (slug_uuid('interval:1:jumping-jacks-work-19'), slug_uuid('workout:1'), slug_uuid('exercise:jumping-jacks'), 'Jumping Jacks', 'Stand tall, jump feet wide as arms raise overhead, then jump back to start with soft knees.', 'exercise'::interval_kind, 30, 38),
  (slug_uuid('interval:1:jumping-jacks-walk-19'), slug_uuid('workout:1'), null, 'Walking in Place', 'Recover by walking in place and preparing for the next movement.', 'walk'::interval_kind, 30, 39),
  (slug_uuid('interval:1:high-knees-work-20'), slug_uuid('workout:1'), slug_uuid('exercise:high-knees'), 'High Knees', 'Run in place and drive knees toward hip height while keeping chest up and core braced.', 'exercise'::interval_kind, 30, 40),
  (slug_uuid('interval:1:high-knees-walk-20'), slug_uuid('workout:1'), null, 'Walking in Place', 'Recover by walking in place and preparing for the next movement.', 'walk'::interval_kind, 30, 41),
  (slug_uuid('interval:1:butt-kicks-work-21'), slug_uuid('workout:1'), slug_uuid('exercise:butt-kicks'), 'Butt Kicks', 'Jog in place and bring heels toward glutes while keeping your chest tall and core engaged.', 'exercise'::interval_kind, 30, 42),
  (slug_uuid('interval:1:butt-kicks-walk-21'), slug_uuid('workout:1'), null, 'Walking in Place', 'Recover by walking in place and preparing for the next movement.', 'walk'::interval_kind, 30, 43),
  (slug_uuid('interval:1:march-and-reach-work-22'), slug_uuid('workout:1'), slug_uuid('exercise:march-and-reach'), 'March and Reach', 'March in place while reaching one arm overhead at a time, keeping your torso tall.', 'exercise'::interval_kind, 30, 44),
  (slug_uuid('interval:1:march-and-reach-walk-22'), slug_uuid('workout:1'), null, 'Walking in Place', 'Recover by walking in place and preparing for the next movement.', 'walk'::interval_kind, 30, 45),
  (slug_uuid('interval:1:speed-skips-work-23'), slug_uuid('workout:1'), slug_uuid('exercise:speed-skips'), 'Speed Skips', 'Perform quick low-impact skipping steps in place with rhythmic arm drive.', 'exercise'::interval_kind, 30, 46),
  (slug_uuid('interval:1:speed-skips-walk-23'), slug_uuid('workout:1'), null, 'Walking in Place', 'Recover by walking in place and preparing for the next movement.', 'walk'::interval_kind, 30, 47),
  (slug_uuid('interval:1:standing-cross-punches-work-24'), slug_uuid('workout:1'), slug_uuid('exercise:standing-cross-punches'), 'Standing Cross Punches', 'Throw alternating cross-body punches with core rotation and stable lower body stance.', 'exercise'::interval_kind, 30, 48),
  (slug_uuid('interval:1:standing-cross-punches-walk-24'), slug_uuid('workout:1'), null, 'Walking in Place', 'Recover by walking in place and preparing for the next movement.', 'walk'::interval_kind, 30, 49),
  (slug_uuid('interval:1:jumping-jacks-work-25'), slug_uuid('workout:1'), slug_uuid('exercise:jumping-jacks'), 'Jumping Jacks', 'Stand tall, jump feet wide as arms raise overhead, then jump back to start with soft knees.', 'exercise'::interval_kind, 30, 50),
  (slug_uuid('interval:1:jumping-jacks-walk-25'), slug_uuid('workout:1'), null, 'Walking in Place', 'Recover by walking in place and preparing for the next movement.', 'walk'::interval_kind, 30, 51),
  (slug_uuid('interval:1:high-knees-work-26'), slug_uuid('workout:1'), slug_uuid('exercise:high-knees'), 'High Knees', 'Run in place and drive knees toward hip height while keeping chest up and core braced.', 'exercise'::interval_kind, 30, 52),
  (slug_uuid('interval:1:high-knees-walk-26'), slug_uuid('workout:1'), null, 'Walking in Place', 'Recover by walking in place and preparing for the next movement.', 'walk'::interval_kind, 30, 53),
  (slug_uuid('interval:1:butt-kicks-work-27'), slug_uuid('workout:1'), slug_uuid('exercise:butt-kicks'), 'Butt Kicks', 'Jog in place and bring heels toward glutes while keeping your chest tall and core engaged.', 'exercise'::interval_kind, 30, 54),
  (slug_uuid('interval:1:butt-kicks-walk-27'), slug_uuid('workout:1'), null, 'Walking in Place', 'Recover by walking in place and preparing for the next movement.', 'walk'::interval_kind, 30, 55),
  (slug_uuid('interval:1:march-and-reach-work-28'), slug_uuid('workout:1'), slug_uuid('exercise:march-and-reach'), 'March and Reach', 'March in place while reaching one arm overhead at a time, keeping your torso tall.', 'exercise'::interval_kind, 30, 56),
  (slug_uuid('interval:1:march-and-reach-walk-28'), slug_uuid('workout:1'), null, 'Walking in Place', 'Recover by walking in place and preparing for the next movement.', 'walk'::interval_kind, 30, 57),
  (slug_uuid('interval:1:speed-skips-work-29'), slug_uuid('workout:1'), slug_uuid('exercise:speed-skips'), 'Speed Skips', 'Perform quick low-impact skipping steps in place with rhythmic arm drive.', 'exercise'::interval_kind, 30, 58),
  (slug_uuid('interval:1:speed-skips-walk-29'), slug_uuid('workout:1'), null, 'Walking in Place', 'Recover by walking in place and preparing for the next movement.', 'walk'::interval_kind, 30, 59),
  (slug_uuid('interval:1:standing-cross-punches-work-30'), slug_uuid('workout:1'), slug_uuid('exercise:standing-cross-punches'), 'Standing Cross Punches', 'Throw alternating cross-body punches with core rotation and stable lower body stance.', 'exercise'::interval_kind, 30, 60),
  (slug_uuid('interval:2:warmup-walk'), slug_uuid('workout:2'), null, 'Walking in Place', 'Walk in place with tall posture, steady breathing, and relaxed arm swing.', 'walk'::interval_kind, 30, 1),
  (slug_uuid('interval:2:air-squats-work-1'), slug_uuid('workout:2'), slug_uuid('exercise:air-squats'), 'Air Squats', 'Sit hips back and down with heels planted, then stand by pressing through mid-foot.', 'exercise'::interval_kind, 30, 2),
  (slug_uuid('interval:2:air-squats-walk-1'), slug_uuid('workout:2'), null, 'Walking in Place', 'Recover by walking in place and preparing for the next movement.', 'walk'::interval_kind, 30, 3),
  (slug_uuid('interval:2:reverse-lunges-work-2'), slug_uuid('workout:2'), slug_uuid('exercise:reverse-lunges'), 'Alternating Reverse Lunges', 'Step one leg back, lower both knees to about 90 degrees, then push through front heel to return.', 'exercise'::interval_kind, 30, 4),
  (slug_uuid('interval:2:reverse-lunges-walk-2'), slug_uuid('workout:2'), null, 'Walking in Place', 'Recover by walking in place and preparing for the next movement.', 'walk'::interval_kind, 30, 5),
  (slug_uuid('interval:2:lateral-lunges-work-3'), slug_uuid('workout:2'), slug_uuid('exercise:lateral-lunges'), 'Lateral Lunges', 'Step wide to one side, sit hips back on that leg, then push back to center and switch.', 'exercise'::interval_kind, 30, 6),
  (slug_uuid('interval:2:lateral-lunges-walk-3'), slug_uuid('workout:2'), null, 'Walking in Place', 'Recover by walking in place and preparing for the next movement.', 'walk'::interval_kind, 30, 7),
  (slug_uuid('interval:2:standing-calf-raises-work-4'), slug_uuid('workout:2'), slug_uuid('exercise:standing-calf-raises'), 'Standing Calf Raises', 'Rise onto the balls of your feet with control, pause briefly at top, then lower slowly.', 'exercise'::interval_kind, 30, 8),
  (slug_uuid('interval:2:standing-calf-raises-walk-4'), slug_uuid('workout:2'), null, 'Walking in Place', 'Recover by walking in place and preparing for the next movement.', 'walk'::interval_kind, 30, 9),
  (slug_uuid('interval:2:curtsy-lunges-work-5'), slug_uuid('workout:2'), slug_uuid('exercise:curtsy-lunges'), 'Curtsy Lunges', 'Step one leg diagonally behind the other, lower with control, then return and switch sides.', 'exercise'::interval_kind, 30, 10),
  (slug_uuid('interval:2:curtsy-lunges-walk-5'), slug_uuid('workout:2'), null, 'Walking in Place', 'Recover by walking in place and preparing for the next movement.', 'walk'::interval_kind, 30, 11),
  (slug_uuid('interval:2:standing-hip-abductions-work-6'), slug_uuid('workout:2'), slug_uuid('exercise:standing-hip-abductions'), 'Standing Hip Abductions', 'Lift one leg out to the side without leaning, pause, and lower slowly before switching legs.', 'exercise'::interval_kind, 30, 12),
  (slug_uuid('interval:2:standing-hip-abductions-walk-6'), slug_uuid('workout:2'), null, 'Walking in Place', 'Recover by walking in place and preparing for the next movement.', 'walk'::interval_kind, 30, 13),
  (slug_uuid('interval:2:standing-hamstring-curls-work-7'), slug_uuid('workout:2'), slug_uuid('exercise:standing-hamstring-curls'), 'Standing Hamstring Curls', 'Curl one heel toward your glutes, lower with control, and alternate legs.', 'exercise'::interval_kind, 30, 14),
  (slug_uuid('interval:2:standing-hamstring-curls-walk-7'), slug_uuid('workout:2'), null, 'Walking in Place', 'Recover by walking in place and preparing for the next movement.', 'walk'::interval_kind, 30, 15),
  (slug_uuid('interval:2:air-squats-work-8'), slug_uuid('workout:2'), slug_uuid('exercise:air-squats'), 'Air Squats', 'Sit hips back and down with heels planted, then stand by pressing through mid-foot.', 'exercise'::interval_kind, 30, 16),
  (slug_uuid('interval:2:air-squats-walk-8'), slug_uuid('workout:2'), null, 'Walking in Place', 'Recover by walking in place and preparing for the next movement.', 'walk'::interval_kind, 30, 17),
  (slug_uuid('interval:2:reverse-lunges-work-9'), slug_uuid('workout:2'), slug_uuid('exercise:reverse-lunges'), 'Alternating Reverse Lunges', 'Step one leg back, lower both knees to about 90 degrees, then push through front heel to return.', 'exercise'::interval_kind, 30, 18),
  (slug_uuid('interval:2:reverse-lunges-walk-9'), slug_uuid('workout:2'), null, 'Walking in Place', 'Recover by walking in place and preparing for the next movement.', 'walk'::interval_kind, 30, 19),
  (slug_uuid('interval:2:lateral-lunges-work-10'), slug_uuid('workout:2'), slug_uuid('exercise:lateral-lunges'), 'Lateral Lunges', 'Step wide to one side, sit hips back on that leg, then push back to center and switch.', 'exercise'::interval_kind, 30, 20),
  (slug_uuid('interval:2:lateral-lunges-walk-10'), slug_uuid('workout:2'), null, 'Walking in Place', 'Recover by walking in place and preparing for the next movement.', 'walk'::interval_kind, 30, 21),
  (slug_uuid('interval:2:standing-calf-raises-work-11'), slug_uuid('workout:2'), slug_uuid('exercise:standing-calf-raises'), 'Standing Calf Raises', 'Rise onto the balls of your feet with control, pause briefly at top, then lower slowly.', 'exercise'::interval_kind, 30, 22),
  (slug_uuid('interval:2:standing-calf-raises-walk-11'), slug_uuid('workout:2'), null, 'Walking in Place', 'Recover by walking in place and preparing for the next movement.', 'walk'::interval_kind, 30, 23),
  (slug_uuid('interval:2:curtsy-lunges-work-12'), slug_uuid('workout:2'), slug_uuid('exercise:curtsy-lunges'), 'Curtsy Lunges', 'Step one leg diagonally behind the other, lower with control, then return and switch sides.', 'exercise'::interval_kind, 30, 24),
  (slug_uuid('interval:2:curtsy-lunges-walk-12'), slug_uuid('workout:2'), null, 'Walking in Place', 'Recover by walking in place and preparing for the next movement.', 'walk'::interval_kind, 30, 25),
  (slug_uuid('interval:2:standing-hip-abductions-work-13'), slug_uuid('workout:2'), slug_uuid('exercise:standing-hip-abductions'), 'Standing Hip Abductions', 'Lift one leg out to the side without leaning, pause, and lower slowly before switching legs.', 'exercise'::interval_kind, 30, 26),
  (slug_uuid('interval:2:standing-hip-abductions-walk-13'), slug_uuid('workout:2'), null, 'Walking in Place', 'Recover by walking in place and preparing for the next movement.', 'walk'::interval_kind, 30, 27),
  (slug_uuid('interval:2:standing-hamstring-curls-work-14'), slug_uuid('workout:2'), slug_uuid('exercise:standing-hamstring-curls'), 'Standing Hamstring Curls', 'Curl one heel toward your glutes, lower with control, and alternate legs.', 'exercise'::interval_kind, 30, 28),
  (slug_uuid('interval:2:standing-hamstring-curls-walk-14'), slug_uuid('workout:2'), null, 'Walking in Place', 'Recover by walking in place and preparing for the next movement.', 'walk'::interval_kind, 30, 29),
  (slug_uuid('interval:2:air-squats-work-15'), slug_uuid('workout:2'), slug_uuid('exercise:air-squats'), 'Air Squats', 'Sit hips back and down with heels planted, then stand by pressing through mid-foot.', 'exercise'::interval_kind, 30, 30),
  (slug_uuid('interval:2:air-squats-walk-15'), slug_uuid('workout:2'), null, 'Walking in Place', 'Recover by walking in place and preparing for the next movement.', 'walk'::interval_kind, 30, 31),
  (slug_uuid('interval:2:reverse-lunges-work-16'), slug_uuid('workout:2'), slug_uuid('exercise:reverse-lunges'), 'Alternating Reverse Lunges', 'Step one leg back, lower both knees to about 90 degrees, then push through front heel to return.', 'exercise'::interval_kind, 30, 32),
  (slug_uuid('interval:2:reverse-lunges-walk-16'), slug_uuid('workout:2'), null, 'Walking in Place', 'Recover by walking in place and preparing for the next movement.', 'walk'::interval_kind, 30, 33),
  (slug_uuid('interval:2:lateral-lunges-work-17'), slug_uuid('workout:2'), slug_uuid('exercise:lateral-lunges'), 'Lateral Lunges', 'Step wide to one side, sit hips back on that leg, then push back to center and switch.', 'exercise'::interval_kind, 30, 34),
  (slug_uuid('interval:2:lateral-lunges-walk-17'), slug_uuid('workout:2'), null, 'Walking in Place', 'Recover by walking in place and preparing for the next movement.', 'walk'::interval_kind, 30, 35),
  (slug_uuid('interval:2:standing-calf-raises-work-18'), slug_uuid('workout:2'), slug_uuid('exercise:standing-calf-raises'), 'Standing Calf Raises', 'Rise onto the balls of your feet with control, pause briefly at top, then lower slowly.', 'exercise'::interval_kind, 30, 36),
  (slug_uuid('interval:2:standing-calf-raises-walk-18'), slug_uuid('workout:2'), null, 'Walking in Place', 'Recover by walking in place and preparing for the next movement.', 'walk'::interval_kind, 30, 37),
  (slug_uuid('interval:2:curtsy-lunges-work-19'), slug_uuid('workout:2'), slug_uuid('exercise:curtsy-lunges'), 'Curtsy Lunges', 'Step one leg diagonally behind the other, lower with control, then return and switch sides.', 'exercise'::interval_kind, 30, 38),
  (slug_uuid('interval:2:curtsy-lunges-walk-19'), slug_uuid('workout:2'), null, 'Walking in Place', 'Recover by walking in place and preparing for the next movement.', 'walk'::interval_kind, 30, 39),
  (slug_uuid('interval:2:standing-hip-abductions-work-20'), slug_uuid('workout:2'), slug_uuid('exercise:standing-hip-abductions'), 'Standing Hip Abductions', 'Lift one leg out to the side without leaning, pause, and lower slowly before switching legs.', 'exercise'::interval_kind, 30, 40),
  (slug_uuid('interval:2:standing-hip-abductions-walk-20'), slug_uuid('workout:2'), null, 'Walking in Place', 'Recover by walking in place and preparing for the next movement.', 'walk'::interval_kind, 30, 41),
  (slug_uuid('interval:2:standing-hamstring-curls-work-21'), slug_uuid('workout:2'), slug_uuid('exercise:standing-hamstring-curls'), 'Standing Hamstring Curls', 'Curl one heel toward your glutes, lower with control, and alternate legs.', 'exercise'::interval_kind, 30, 42),
  (slug_uuid('interval:2:standing-hamstring-curls-walk-21'), slug_uuid('workout:2'), null, 'Walking in Place', 'Recover by walking in place and preparing for the next movement.', 'walk'::interval_kind, 30, 43),
  (slug_uuid('interval:2:air-squats-work-22'), slug_uuid('workout:2'), slug_uuid('exercise:air-squats'), 'Air Squats', 'Sit hips back and down with heels planted, then stand by pressing through mid-foot.', 'exercise'::interval_kind, 30, 44),
  (slug_uuid('interval:2:air-squats-walk-22'), slug_uuid('workout:2'), null, 'Walking in Place', 'Recover by walking in place and preparing for the next movement.', 'walk'::interval_kind, 30, 45),
  (slug_uuid('interval:2:reverse-lunges-work-23'), slug_uuid('workout:2'), slug_uuid('exercise:reverse-lunges'), 'Alternating Reverse Lunges', 'Step one leg back, lower both knees to about 90 degrees, then push through front heel to return.', 'exercise'::interval_kind, 30, 46),
  (slug_uuid('interval:2:reverse-lunges-walk-23'), slug_uuid('workout:2'), null, 'Walking in Place', 'Recover by walking in place and preparing for the next movement.', 'walk'::interval_kind, 30, 47),
  (slug_uuid('interval:2:lateral-lunges-work-24'), slug_uuid('workout:2'), slug_uuid('exercise:lateral-lunges'), 'Lateral Lunges', 'Step wide to one side, sit hips back on that leg, then push back to center and switch.', 'exercise'::interval_kind, 30, 48),
  (slug_uuid('interval:2:lateral-lunges-walk-24'), slug_uuid('workout:2'), null, 'Walking in Place', 'Recover by walking in place and preparing for the next movement.', 'walk'::interval_kind, 30, 49),
  (slug_uuid('interval:2:standing-calf-raises-work-25'), slug_uuid('workout:2'), slug_uuid('exercise:standing-calf-raises'), 'Standing Calf Raises', 'Rise onto the balls of your feet with control, pause briefly at top, then lower slowly.', 'exercise'::interval_kind, 30, 50),
  (slug_uuid('interval:2:standing-calf-raises-walk-25'), slug_uuid('workout:2'), null, 'Walking in Place', 'Recover by walking in place and preparing for the next movement.', 'walk'::interval_kind, 30, 51),
  (slug_uuid('interval:2:curtsy-lunges-work-26'), slug_uuid('workout:2'), slug_uuid('exercise:curtsy-lunges'), 'Curtsy Lunges', 'Step one leg diagonally behind the other, lower with control, then return and switch sides.', 'exercise'::interval_kind, 30, 52),
  (slug_uuid('interval:2:curtsy-lunges-walk-26'), slug_uuid('workout:2'), null, 'Walking in Place', 'Recover by walking in place and preparing for the next movement.', 'walk'::interval_kind, 30, 53),
  (slug_uuid('interval:2:standing-hip-abductions-work-27'), slug_uuid('workout:2'), slug_uuid('exercise:standing-hip-abductions'), 'Standing Hip Abductions', 'Lift one leg out to the side without leaning, pause, and lower slowly before switching legs.', 'exercise'::interval_kind, 30, 54),
  (slug_uuid('interval:2:standing-hip-abductions-walk-27'), slug_uuid('workout:2'), null, 'Walking in Place', 'Recover by walking in place and preparing for the next movement.', 'walk'::interval_kind, 30, 55),
  (slug_uuid('interval:2:standing-hamstring-curls-work-28'), slug_uuid('workout:2'), slug_uuid('exercise:standing-hamstring-curls'), 'Standing Hamstring Curls', 'Curl one heel toward your glutes, lower with control, and alternate legs.', 'exercise'::interval_kind, 30, 56),
  (slug_uuid('interval:3:warmup-walk'), slug_uuid('workout:3'), null, 'Walking in Place', 'Walk in place with tall posture, steady breathing, and relaxed arm swing.', 'walk'::interval_kind, 30, 1),
  (slug_uuid('interval:3:jumping-jacks-work-1'), slug_uuid('workout:3'), slug_uuid('exercise:jumping-jacks'), 'Jumping Jacks', 'Stand tall, jump feet wide as arms raise overhead, then jump back to start with soft knees.', 'exercise'::interval_kind, 30, 2),
  (slug_uuid('interval:3:jumping-jacks-walk-1'), slug_uuid('workout:3'), null, 'Walking in Place', 'Recover by walking in place and preparing for the next movement.', 'walk'::interval_kind, 30, 3),
  (slug_uuid('interval:3:high-knees-work-2'), slug_uuid('workout:3'), slug_uuid('exercise:high-knees'), 'High Knees', 'Run in place and drive knees toward hip height while keeping chest up and core braced.', 'exercise'::interval_kind, 30, 4),
  (slug_uuid('interval:3:high-knees-walk-2'), slug_uuid('workout:3'), null, 'Walking in Place', 'Recover by walking in place and preparing for the next movement.', 'walk'::interval_kind, 30, 5),
  (slug_uuid('interval:3:skater-steps-work-3'), slug_uuid('workout:3'), slug_uuid('exercise:skater-steps'), 'Skater Steps', 'Step or hop side to side, letting the trailing leg move behind you while maintaining balance.', 'exercise'::interval_kind, 30, 6),
  (slug_uuid('interval:3:skater-steps-walk-3'), slug_uuid('workout:3'), null, 'Walking in Place', 'Recover by walking in place and preparing for the next movement.', 'walk'::interval_kind, 30, 7),
  (slug_uuid('interval:3:march-and-reach-work-4'), slug_uuid('workout:3'), slug_uuid('exercise:march-and-reach'), 'March and Reach', 'March in place while reaching one arm overhead at a time, keeping your torso tall.', 'exercise'::interval_kind, 30, 8),
  (slug_uuid('interval:3:march-and-reach-walk-4'), slug_uuid('workout:3'), null, 'Walking in Place', 'Recover by walking in place and preparing for the next movement.', 'walk'::interval_kind, 30, 9),
  (slug_uuid('interval:3:standing-cross-punches-work-5'), slug_uuid('workout:3'), slug_uuid('exercise:standing-cross-punches'), 'Standing Cross Punches', 'Throw alternating cross-body punches with core rotation and stable lower body stance.', 'exercise'::interval_kind, 30, 10),
  (slug_uuid('interval:3:standing-cross-punches-walk-5'), slug_uuid('workout:3'), null, 'Walking in Place', 'Recover by walking in place and preparing for the next movement.', 'walk'::interval_kind, 30, 11),
  (slug_uuid('interval:3:speed-skips-work-6'), slug_uuid('workout:3'), slug_uuid('exercise:speed-skips'), 'Speed Skips', 'Perform quick low-impact skipping steps in place with rhythmic arm drive.', 'exercise'::interval_kind, 30, 12),
  (slug_uuid('interval:3:speed-skips-walk-6'), slug_uuid('workout:3'), null, 'Walking in Place', 'Recover by walking in place and preparing for the next movement.', 'walk'::interval_kind, 30, 13),
  (slug_uuid('interval:3:jumping-jacks-work-7'), slug_uuid('workout:3'), slug_uuid('exercise:jumping-jacks'), 'Jumping Jacks', 'Stand tall, jump feet wide as arms raise overhead, then jump back to start with soft knees.', 'exercise'::interval_kind, 30, 14),
  (slug_uuid('interval:3:jumping-jacks-walk-7'), slug_uuid('workout:3'), null, 'Walking in Place', 'Recover by walking in place and preparing for the next movement.', 'walk'::interval_kind, 30, 15),
  (slug_uuid('interval:3:high-knees-work-8'), slug_uuid('workout:3'), slug_uuid('exercise:high-knees'), 'High Knees', 'Run in place and drive knees toward hip height while keeping chest up and core braced.', 'exercise'::interval_kind, 30, 16),
  (slug_uuid('interval:3:high-knees-walk-8'), slug_uuid('workout:3'), null, 'Walking in Place', 'Recover by walking in place and preparing for the next movement.', 'walk'::interval_kind, 30, 17),
  (slug_uuid('interval:3:skater-steps-work-9'), slug_uuid('workout:3'), slug_uuid('exercise:skater-steps'), 'Skater Steps', 'Step or hop side to side, letting the trailing leg move behind you while maintaining balance.', 'exercise'::interval_kind, 30, 18),
  (slug_uuid('interval:3:skater-steps-walk-9'), slug_uuid('workout:3'), null, 'Walking in Place', 'Recover by walking in place and preparing for the next movement.', 'walk'::interval_kind, 30, 19),
  (slug_uuid('interval:3:march-and-reach-work-10'), slug_uuid('workout:3'), slug_uuid('exercise:march-and-reach'), 'March and Reach', 'March in place while reaching one arm overhead at a time, keeping your torso tall.', 'exercise'::interval_kind, 30, 20),
  (slug_uuid('interval:3:march-and-reach-walk-10'), slug_uuid('workout:3'), null, 'Walking in Place', 'Recover by walking in place and preparing for the next movement.', 'walk'::interval_kind, 30, 21),
  (slug_uuid('interval:3:standing-cross-punches-work-11'), slug_uuid('workout:3'), slug_uuid('exercise:standing-cross-punches'), 'Standing Cross Punches', 'Throw alternating cross-body punches with core rotation and stable lower body stance.', 'exercise'::interval_kind, 30, 22),
  (slug_uuid('interval:3:standing-cross-punches-walk-11'), slug_uuid('workout:3'), null, 'Walking in Place', 'Recover by walking in place and preparing for the next movement.', 'walk'::interval_kind, 30, 23),
  (slug_uuid('interval:3:speed-skips-work-12'), slug_uuid('workout:3'), slug_uuid('exercise:speed-skips'), 'Speed Skips', 'Perform quick low-impact skipping steps in place with rhythmic arm drive.', 'exercise'::interval_kind, 30, 24),
  (slug_uuid('interval:3:speed-skips-walk-12'), slug_uuid('workout:3'), null, 'Walking in Place', 'Recover by walking in place and preparing for the next movement.', 'walk'::interval_kind, 30, 25),
  (slug_uuid('interval:3:jumping-jacks-work-13'), slug_uuid('workout:3'), slug_uuid('exercise:jumping-jacks'), 'Jumping Jacks', 'Stand tall, jump feet wide as arms raise overhead, then jump back to start with soft knees.', 'exercise'::interval_kind, 30, 26),
  (slug_uuid('interval:3:jumping-jacks-walk-13'), slug_uuid('workout:3'), null, 'Walking in Place', 'Recover by walking in place and preparing for the next movement.', 'walk'::interval_kind, 30, 27),
  (slug_uuid('interval:3:high-knees-work-14'), slug_uuid('workout:3'), slug_uuid('exercise:high-knees'), 'High Knees', 'Run in place and drive knees toward hip height while keeping chest up and core braced.', 'exercise'::interval_kind, 30, 28),
  (slug_uuid('interval:3:high-knees-walk-14'), slug_uuid('workout:3'), null, 'Walking in Place', 'Recover by walking in place and preparing for the next movement.', 'walk'::interval_kind, 30, 29),
  (slug_uuid('interval:3:skater-steps-work-15'), slug_uuid('workout:3'), slug_uuid('exercise:skater-steps'), 'Skater Steps', 'Step or hop side to side, letting the trailing leg move behind you while maintaining balance.', 'exercise'::interval_kind, 30, 30),
  (slug_uuid('interval:3:skater-steps-walk-15'), slug_uuid('workout:3'), null, 'Walking in Place', 'Recover by walking in place and preparing for the next movement.', 'walk'::interval_kind, 30, 31),
  (slug_uuid('interval:3:march-and-reach-work-16'), slug_uuid('workout:3'), slug_uuid('exercise:march-and-reach'), 'March and Reach', 'March in place while reaching one arm overhead at a time, keeping your torso tall.', 'exercise'::interval_kind, 30, 32),
  (slug_uuid('interval:3:march-and-reach-walk-16'), slug_uuid('workout:3'), null, 'Walking in Place', 'Recover by walking in place and preparing for the next movement.', 'walk'::interval_kind, 30, 33),
  (slug_uuid('interval:3:standing-cross-punches-work-17'), slug_uuid('workout:3'), slug_uuid('exercise:standing-cross-punches'), 'Standing Cross Punches', 'Throw alternating cross-body punches with core rotation and stable lower body stance.', 'exercise'::interval_kind, 30, 34),
  (slug_uuid('interval:3:standing-cross-punches-walk-17'), slug_uuid('workout:3'), null, 'Walking in Place', 'Recover by walking in place and preparing for the next movement.', 'walk'::interval_kind, 30, 35),
  (slug_uuid('interval:3:speed-skips-work-18'), slug_uuid('workout:3'), slug_uuid('exercise:speed-skips'), 'Speed Skips', 'Perform quick low-impact skipping steps in place with rhythmic arm drive.', 'exercise'::interval_kind, 30, 36),
  (slug_uuid('interval:3:speed-skips-walk-18'), slug_uuid('workout:3'), null, 'Walking in Place', 'Recover by walking in place and preparing for the next movement.', 'walk'::interval_kind, 30, 37),
  (slug_uuid('interval:3:jumping-jacks-work-19'), slug_uuid('workout:3'), slug_uuid('exercise:jumping-jacks'), 'Jumping Jacks', 'Stand tall, jump feet wide as arms raise overhead, then jump back to start with soft knees.', 'exercise'::interval_kind, 30, 38),
  (slug_uuid('interval:3:jumping-jacks-walk-19'), slug_uuid('workout:3'), null, 'Walking in Place', 'Recover by walking in place and preparing for the next movement.', 'walk'::interval_kind, 30, 39),
  (slug_uuid('interval:3:high-knees-work-20'), slug_uuid('workout:3'), slug_uuid('exercise:high-knees'), 'High Knees', 'Run in place and drive knees toward hip height while keeping chest up and core braced.', 'exercise'::interval_kind, 30, 40),
  (slug_uuid('interval:3:high-knees-walk-20'), slug_uuid('workout:3'), null, 'Walking in Place', 'Recover by walking in place and preparing for the next movement.', 'walk'::interval_kind, 30, 41),
  (slug_uuid('interval:3:skater-steps-work-21'), slug_uuid('workout:3'), slug_uuid('exercise:skater-steps'), 'Skater Steps', 'Step or hop side to side, letting the trailing leg move behind you while maintaining balance.', 'exercise'::interval_kind, 30, 42),
  (slug_uuid('interval:3:skater-steps-walk-21'), slug_uuid('workout:3'), null, 'Walking in Place', 'Recover by walking in place and preparing for the next movement.', 'walk'::interval_kind, 30, 43),
  (slug_uuid('interval:3:march-and-reach-work-22'), slug_uuid('workout:3'), slug_uuid('exercise:march-and-reach'), 'March and Reach', 'March in place while reaching one arm overhead at a time, keeping your torso tall.', 'exercise'::interval_kind, 30, 44),
  (slug_uuid('interval:3:march-and-reach-walk-22'), slug_uuid('workout:3'), null, 'Walking in Place', 'Recover by walking in place and preparing for the next movement.', 'walk'::interval_kind, 30, 45),
  (slug_uuid('interval:3:standing-cross-punches-work-23'), slug_uuid('workout:3'), slug_uuid('exercise:standing-cross-punches'), 'Standing Cross Punches', 'Throw alternating cross-body punches with core rotation and stable lower body stance.', 'exercise'::interval_kind, 30, 46),
  (slug_uuid('interval:3:standing-cross-punches-walk-23'), slug_uuid('workout:3'), null, 'Walking in Place', 'Recover by walking in place and preparing for the next movement.', 'walk'::interval_kind, 30, 47),
  (slug_uuid('interval:3:speed-skips-work-24'), slug_uuid('workout:3'), slug_uuid('exercise:speed-skips'), 'Speed Skips', 'Perform quick low-impact skipping steps in place with rhythmic arm drive.', 'exercise'::interval_kind, 30, 48),
  (slug_uuid('interval:3:speed-skips-walk-24'), slug_uuid('workout:3'), null, 'Walking in Place', 'Recover by walking in place and preparing for the next movement.', 'walk'::interval_kind, 30, 49),
  (slug_uuid('interval:3:jumping-jacks-work-25'), slug_uuid('workout:3'), slug_uuid('exercise:jumping-jacks'), 'Jumping Jacks', 'Stand tall, jump feet wide as arms raise overhead, then jump back to start with soft knees.', 'exercise'::interval_kind, 30, 50),
  (slug_uuid('interval:3:jumping-jacks-walk-25'), slug_uuid('workout:3'), null, 'Walking in Place', 'Recover by walking in place and preparing for the next movement.', 'walk'::interval_kind, 30, 51),
  (slug_uuid('interval:3:high-knees-work-26'), slug_uuid('workout:3'), slug_uuid('exercise:high-knees'), 'High Knees', 'Run in place and drive knees toward hip height while keeping chest up and core braced.', 'exercise'::interval_kind, 30, 52),
  (slug_uuid('interval:3:high-knees-walk-26'), slug_uuid('workout:3'), null, 'Walking in Place', 'Recover by walking in place and preparing for the next movement.', 'walk'::interval_kind, 30, 53),
  (slug_uuid('interval:3:skater-steps-work-27'), slug_uuid('workout:3'), slug_uuid('exercise:skater-steps'), 'Skater Steps', 'Step or hop side to side, letting the trailing leg move behind you while maintaining balance.', 'exercise'::interval_kind, 30, 54),
  (slug_uuid('interval:3:skater-steps-walk-27'), slug_uuid('workout:3'), null, 'Walking in Place', 'Recover by walking in place and preparing for the next movement.', 'walk'::interval_kind, 30, 55),
  (slug_uuid('interval:3:march-and-reach-work-28'), slug_uuid('workout:3'), slug_uuid('exercise:march-and-reach'), 'March and Reach', 'March in place while reaching one arm overhead at a time, keeping your torso tall.', 'exercise'::interval_kind, 30, 56),
  (slug_uuid('interval:3:march-and-reach-walk-28'), slug_uuid('workout:3'), null, 'Walking in Place', 'Recover by walking in place and preparing for the next movement.', 'walk'::interval_kind, 30, 57),
  (slug_uuid('interval:3:standing-cross-punches-work-29'), slug_uuid('workout:3'), slug_uuid('exercise:standing-cross-punches'), 'Standing Cross Punches', 'Throw alternating cross-body punches with core rotation and stable lower body stance.', 'exercise'::interval_kind, 30, 58),
  (slug_uuid('interval:3:standing-cross-punches-walk-29'), slug_uuid('workout:3'), null, 'Walking in Place', 'Recover by walking in place and preparing for the next movement.', 'walk'::interval_kind, 30, 59),
  (slug_uuid('interval:3:speed-skips-work-30'), slug_uuid('workout:3'), slug_uuid('exercise:speed-skips'), 'Speed Skips', 'Perform quick low-impact skipping steps in place with rhythmic arm drive.', 'exercise'::interval_kind, 30, 60),
  (slug_uuid('interval:4:warmup-walk'), slug_uuid('workout:4'), null, 'Walking in Place', 'Walk in place with tall posture, steady breathing, and relaxed arm swing.', 'walk'::interval_kind, 30, 1),
  (slug_uuid('interval:4:inchworm-walkouts-work-1'), slug_uuid('workout:4'), slug_uuid('exercise:inchworm-walkouts'), 'Inchworm Walkouts', 'Hinge down, walk your hands forward to a plank, then walk back and stand.', 'exercise'::interval_kind, 30, 2),
  (slug_uuid('interval:4:inchworm-walkouts-walk-1'), slug_uuid('workout:4'), null, 'Walking in Place', 'Recover by walking in place and preparing for the next movement.', 'walk'::interval_kind, 30, 3),
  (slug_uuid('interval:4:plank-shoulder-taps-work-2'), slug_uuid('workout:4'), slug_uuid('exercise:plank-shoulder-taps'), 'Plank Shoulder Taps', 'From a plank, tap opposite shoulders while resisting hip sway.', 'exercise'::interval_kind, 30, 4),
  (slug_uuid('interval:4:plank-shoulder-taps-walk-2'), slug_uuid('workout:4'), null, 'Walking in Place', 'Recover by walking in place and preparing for the next movement.', 'walk'::interval_kind, 30, 5),
  (slug_uuid('interval:4:mountain-climbers-work-3'), slug_uuid('workout:4'), slug_uuid('exercise:mountain-climbers'), 'Mountain Climbers', 'Drive knees toward chest from plank position at a steady or fast pace.', 'exercise'::interval_kind, 30, 6),
  (slug_uuid('interval:4:mountain-climbers-walk-3'), slug_uuid('workout:4'), null, 'Walking in Place', 'Recover by walking in place and preparing for the next movement.', 'walk'::interval_kind, 30, 7),
  (slug_uuid('interval:4:push-ups-work-4'), slug_uuid('workout:4'), slug_uuid('exercise:push-ups'), 'Push-Ups', 'Lower chest toward the floor from plank, then press back up with a rigid body line.', 'exercise'::interval_kind, 30, 8),
  (slug_uuid('interval:4:push-ups-walk-4'), slug_uuid('workout:4'), null, 'Walking in Place', 'Recover by walking in place and preparing for the next movement.', 'walk'::interval_kind, 30, 9),
  (slug_uuid('interval:4:forearm-plank-hold-work-5'), slug_uuid('workout:4'), slug_uuid('exercise:forearm-plank-hold'), 'Forearm Plank Hold', 'Hold a straight-body plank on forearms while breathing and bracing your core.', 'exercise'::interval_kind, 30, 10),
  (slug_uuid('interval:4:forearm-plank-hold-walk-5'), slug_uuid('workout:4'), null, 'Walking in Place', 'Recover by walking in place and preparing for the next movement.', 'walk'::interval_kind, 30, 11),
  (slug_uuid('interval:4:plank-jacks-work-6'), slug_uuid('workout:4'), slug_uuid('exercise:plank-jacks'), 'Plank Jacks', 'In plank, jump feet out and in while maintaining a strong core.', 'exercise'::interval_kind, 30, 12),
  (slug_uuid('interval:4:plank-jacks-walk-6'), slug_uuid('workout:4'), null, 'Walking in Place', 'Recover by walking in place and preparing for the next movement.', 'walk'::interval_kind, 30, 13),
  (slug_uuid('interval:4:inchworm-walkouts-work-7'), slug_uuid('workout:4'), slug_uuid('exercise:inchworm-walkouts'), 'Inchworm Walkouts', 'Hinge down, walk your hands forward to a plank, then walk back and stand.', 'exercise'::interval_kind, 30, 14),
  (slug_uuid('interval:4:inchworm-walkouts-walk-7'), slug_uuid('workout:4'), null, 'Walking in Place', 'Recover by walking in place and preparing for the next movement.', 'walk'::interval_kind, 30, 15),
  (slug_uuid('interval:4:plank-shoulder-taps-work-8'), slug_uuid('workout:4'), slug_uuid('exercise:plank-shoulder-taps'), 'Plank Shoulder Taps', 'From a plank, tap opposite shoulders while resisting hip sway.', 'exercise'::interval_kind, 30, 16),
  (slug_uuid('interval:4:plank-shoulder-taps-walk-8'), slug_uuid('workout:4'), null, 'Walking in Place', 'Recover by walking in place and preparing for the next movement.', 'walk'::interval_kind, 30, 17),
  (slug_uuid('interval:4:mountain-climbers-work-9'), slug_uuid('workout:4'), slug_uuid('exercise:mountain-climbers'), 'Mountain Climbers', 'Drive knees toward chest from plank position at a steady or fast pace.', 'exercise'::interval_kind, 30, 18),
  (slug_uuid('interval:4:mountain-climbers-walk-9'), slug_uuid('workout:4'), null, 'Walking in Place', 'Recover by walking in place and preparing for the next movement.', 'walk'::interval_kind, 30, 19),
  (slug_uuid('interval:4:push-ups-work-10'), slug_uuid('workout:4'), slug_uuid('exercise:push-ups'), 'Push-Ups', 'Lower chest toward the floor from plank, then press back up with a rigid body line.', 'exercise'::interval_kind, 30, 20),
  (slug_uuid('interval:4:push-ups-walk-10'), slug_uuid('workout:4'), null, 'Walking in Place', 'Recover by walking in place and preparing for the next movement.', 'walk'::interval_kind, 30, 21),
  (slug_uuid('interval:4:forearm-plank-hold-work-11'), slug_uuid('workout:4'), slug_uuid('exercise:forearm-plank-hold'), 'Forearm Plank Hold', 'Hold a straight-body plank on forearms while breathing and bracing your core.', 'exercise'::interval_kind, 30, 22),
  (slug_uuid('interval:4:forearm-plank-hold-walk-11'), slug_uuid('workout:4'), null, 'Walking in Place', 'Recover by walking in place and preparing for the next movement.', 'walk'::interval_kind, 30, 23),
  (slug_uuid('interval:4:plank-jacks-work-12'), slug_uuid('workout:4'), slug_uuid('exercise:plank-jacks'), 'Plank Jacks', 'In plank, jump feet out and in while maintaining a strong core.', 'exercise'::interval_kind, 30, 24),
  (slug_uuid('interval:4:plank-jacks-walk-12'), slug_uuid('workout:4'), null, 'Walking in Place', 'Recover by walking in place and preparing for the next movement.', 'walk'::interval_kind, 30, 25),
  (slug_uuid('interval:4:inchworm-walkouts-work-13'), slug_uuid('workout:4'), slug_uuid('exercise:inchworm-walkouts'), 'Inchworm Walkouts', 'Hinge down, walk your hands forward to a plank, then walk back and stand.', 'exercise'::interval_kind, 30, 26),
  (slug_uuid('interval:4:inchworm-walkouts-walk-13'), slug_uuid('workout:4'), null, 'Walking in Place', 'Recover by walking in place and preparing for the next movement.', 'walk'::interval_kind, 30, 27),
  (slug_uuid('interval:4:plank-shoulder-taps-work-14'), slug_uuid('workout:4'), slug_uuid('exercise:plank-shoulder-taps'), 'Plank Shoulder Taps', 'From a plank, tap opposite shoulders while resisting hip sway.', 'exercise'::interval_kind, 30, 28),
  (slug_uuid('interval:4:plank-shoulder-taps-walk-14'), slug_uuid('workout:4'), null, 'Walking in Place', 'Recover by walking in place and preparing for the next movement.', 'walk'::interval_kind, 30, 29),
  (slug_uuid('interval:4:mountain-climbers-work-15'), slug_uuid('workout:4'), slug_uuid('exercise:mountain-climbers'), 'Mountain Climbers', 'Drive knees toward chest from plank position at a steady or fast pace.', 'exercise'::interval_kind, 30, 30),
  (slug_uuid('interval:4:mountain-climbers-walk-15'), slug_uuid('workout:4'), null, 'Walking in Place', 'Recover by walking in place and preparing for the next movement.', 'walk'::interval_kind, 30, 31),
  (slug_uuid('interval:4:push-ups-work-16'), slug_uuid('workout:4'), slug_uuid('exercise:push-ups'), 'Push-Ups', 'Lower chest toward the floor from plank, then press back up with a rigid body line.', 'exercise'::interval_kind, 30, 32),
  (slug_uuid('interval:4:push-ups-walk-16'), slug_uuid('workout:4'), null, 'Walking in Place', 'Recover by walking in place and preparing for the next movement.', 'walk'::interval_kind, 30, 33),
  (slug_uuid('interval:4:forearm-plank-hold-work-17'), slug_uuid('workout:4'), slug_uuid('exercise:forearm-plank-hold'), 'Forearm Plank Hold', 'Hold a straight-body plank on forearms while breathing and bracing your core.', 'exercise'::interval_kind, 30, 34),
  (slug_uuid('interval:4:forearm-plank-hold-walk-17'), slug_uuid('workout:4'), null, 'Walking in Place', 'Recover by walking in place and preparing for the next movement.', 'walk'::interval_kind, 30, 35),
  (slug_uuid('interval:4:plank-jacks-work-18'), slug_uuid('workout:4'), slug_uuid('exercise:plank-jacks'), 'Plank Jacks', 'In plank, jump feet out and in while maintaining a strong core.', 'exercise'::interval_kind, 30, 36),
  (slug_uuid('interval:4:plank-jacks-walk-18'), slug_uuid('workout:4'), null, 'Walking in Place', 'Recover by walking in place and preparing for the next movement.', 'walk'::interval_kind, 30, 37),
  (slug_uuid('interval:4:inchworm-walkouts-work-19'), slug_uuid('workout:4'), slug_uuid('exercise:inchworm-walkouts'), 'Inchworm Walkouts', 'Hinge down, walk your hands forward to a plank, then walk back and stand.', 'exercise'::interval_kind, 30, 38),
  (slug_uuid('interval:4:inchworm-walkouts-walk-19'), slug_uuid('workout:4'), null, 'Walking in Place', 'Recover by walking in place and preparing for the next movement.', 'walk'::interval_kind, 30, 39),
  (slug_uuid('interval:4:plank-shoulder-taps-work-20'), slug_uuid('workout:4'), slug_uuid('exercise:plank-shoulder-taps'), 'Plank Shoulder Taps', 'From a plank, tap opposite shoulders while resisting hip sway.', 'exercise'::interval_kind, 30, 40),
  (slug_uuid('interval:4:plank-shoulder-taps-walk-20'), slug_uuid('workout:4'), null, 'Walking in Place', 'Recover by walking in place and preparing for the next movement.', 'walk'::interval_kind, 30, 41),
  (slug_uuid('interval:4:mountain-climbers-work-21'), slug_uuid('workout:4'), slug_uuid('exercise:mountain-climbers'), 'Mountain Climbers', 'Drive knees toward chest from plank position at a steady or fast pace.', 'exercise'::interval_kind, 30, 42),
  (slug_uuid('interval:4:mountain-climbers-walk-21'), slug_uuid('workout:4'), null, 'Walking in Place', 'Recover by walking in place and preparing for the next movement.', 'walk'::interval_kind, 30, 43),
  (slug_uuid('interval:4:push-ups-work-22'), slug_uuid('workout:4'), slug_uuid('exercise:push-ups'), 'Push-Ups', 'Lower chest toward the floor from plank, then press back up with a rigid body line.', 'exercise'::interval_kind, 30, 44),
  (slug_uuid('interval:4:push-ups-walk-22'), slug_uuid('workout:4'), null, 'Walking in Place', 'Recover by walking in place and preparing for the next movement.', 'walk'::interval_kind, 30, 45),
  (slug_uuid('interval:4:forearm-plank-hold-work-23'), slug_uuid('workout:4'), slug_uuid('exercise:forearm-plank-hold'), 'Forearm Plank Hold', 'Hold a straight-body plank on forearms while breathing and bracing your core.', 'exercise'::interval_kind, 30, 46),
  (slug_uuid('interval:4:forearm-plank-hold-walk-23'), slug_uuid('workout:4'), null, 'Walking in Place', 'Recover by walking in place and preparing for the next movement.', 'walk'::interval_kind, 30, 47),
  (slug_uuid('interval:4:plank-jacks-work-24'), slug_uuid('workout:4'), slug_uuid('exercise:plank-jacks'), 'Plank Jacks', 'In plank, jump feet out and in while maintaining a strong core.', 'exercise'::interval_kind, 30, 48),
  (slug_uuid('interval:4:plank-jacks-walk-24'), slug_uuid('workout:4'), null, 'Walking in Place', 'Recover by walking in place and preparing for the next movement.', 'walk'::interval_kind, 30, 49),
  (slug_uuid('interval:4:inchworm-walkouts-work-25'), slug_uuid('workout:4'), slug_uuid('exercise:inchworm-walkouts'), 'Inchworm Walkouts', 'Hinge down, walk your hands forward to a plank, then walk back and stand.', 'exercise'::interval_kind, 30, 50),
  (slug_uuid('interval:4:inchworm-walkouts-walk-25'), slug_uuid('workout:4'), null, 'Walking in Place', 'Recover by walking in place and preparing for the next movement.', 'walk'::interval_kind, 30, 51),
  (slug_uuid('interval:4:plank-shoulder-taps-work-26'), slug_uuid('workout:4'), slug_uuid('exercise:plank-shoulder-taps'), 'Plank Shoulder Taps', 'From a plank, tap opposite shoulders while resisting hip sway.', 'exercise'::interval_kind, 30, 52),
  (slug_uuid('interval:4:plank-shoulder-taps-walk-26'), slug_uuid('workout:4'), null, 'Walking in Place', 'Recover by walking in place and preparing for the next movement.', 'walk'::interval_kind, 30, 53),
  (slug_uuid('interval:4:mountain-climbers-work-27'), slug_uuid('workout:4'), slug_uuid('exercise:mountain-climbers'), 'Mountain Climbers', 'Drive knees toward chest from plank position at a steady or fast pace.', 'exercise'::interval_kind, 30, 54),
  (slug_uuid('interval:4:mountain-climbers-walk-27'), slug_uuid('workout:4'), null, 'Walking in Place', 'Recover by walking in place and preparing for the next movement.', 'walk'::interval_kind, 30, 55),
  (slug_uuid('interval:4:push-ups-work-28'), slug_uuid('workout:4'), slug_uuid('exercise:push-ups'), 'Push-Ups', 'Lower chest toward the floor from plank, then press back up with a rigid body line.', 'exercise'::interval_kind, 30, 56),
  (slug_uuid('interval:4:push-ups-walk-28'), slug_uuid('workout:4'), null, 'Walking in Place', 'Recover by walking in place and preparing for the next movement.', 'walk'::interval_kind, 30, 57),
  (slug_uuid('interval:4:forearm-plank-hold-work-29'), slug_uuid('workout:4'), slug_uuid('exercise:forearm-plank-hold'), 'Forearm Plank Hold', 'Hold a straight-body plank on forearms while breathing and bracing your core.', 'exercise'::interval_kind, 30, 58),
  (slug_uuid('interval:4:forearm-plank-hold-walk-29'), slug_uuid('workout:4'), null, 'Walking in Place', 'Recover by walking in place and preparing for the next movement.', 'walk'::interval_kind, 30, 59),
  (slug_uuid('interval:4:plank-jacks-work-30'), slug_uuid('workout:4'), slug_uuid('exercise:plank-jacks'), 'Plank Jacks', 'In plank, jump feet out and in while maintaining a strong core.', 'exercise'::interval_kind, 30, 60),
  (slug_uuid('interval:5:warmup-walk'), slug_uuid('workout:5'), null, 'Walking in Place', 'Walk in place with tall posture, steady breathing, and relaxed arm swing.', 'walk'::interval_kind, 30, 1),
  (slug_uuid('interval:5:dead-bugs-work-1'), slug_uuid('workout:5'), slug_uuid('exercise:dead-bugs'), 'Dead Bugs', 'Alternate opposite arm and leg extensions while keeping your low back stable.', 'exercise'::interval_kind, 30, 2),
  (slug_uuid('interval:5:dead-bugs-walk-1'), slug_uuid('workout:5'), null, 'Walking in Place', 'Recover by walking in place and preparing for the next movement.', 'walk'::interval_kind, 30, 3),
  (slug_uuid('interval:5:bicycle-crunches-work-2'), slug_uuid('workout:5'), slug_uuid('exercise:bicycle-crunches'), 'Bicycle Crunches', 'Alternate elbow-to-opposite-knee while extending the other leg.', 'exercise'::interval_kind, 30, 4),
  (slug_uuid('interval:5:bicycle-crunches-walk-2'), slug_uuid('workout:5'), null, 'Walking in Place', 'Recover by walking in place and preparing for the next movement.', 'walk'::interval_kind, 30, 5),
  (slug_uuid('interval:5:lying-leg-raises-work-3'), slug_uuid('workout:5'), slug_uuid('exercise:lying-leg-raises'), 'Lying Leg Raises', 'Raise straight legs from the floor and lower with core control.', 'exercise'::interval_kind, 30, 6),
  (slug_uuid('interval:5:lying-leg-raises-walk-3'), slug_uuid('workout:5'), null, 'Walking in Place', 'Recover by walking in place and preparing for the next movement.', 'walk'::interval_kind, 30, 7),
  (slug_uuid('interval:5:hollow-body-hold-work-4'), slug_uuid('workout:5'), slug_uuid('exercise:hollow-body-hold'), 'Hollow Body Hold', 'Hold a curved core position with lower back pressed into the floor.', 'exercise'::interval_kind, 30, 8),
  (slug_uuid('interval:5:hollow-body-hold-walk-4'), slug_uuid('workout:5'), null, 'Walking in Place', 'Recover by walking in place and preparing for the next movement.', 'walk'::interval_kind, 30, 9),
  (slug_uuid('interval:5:glute-bridges-work-5'), slug_uuid('workout:5'), slug_uuid('exercise:glute-bridges'), 'Glute Bridges', 'Lift hips from the floor by squeezing glutes, then lower with control.', 'exercise'::interval_kind, 30, 10),
  (slug_uuid('interval:5:glute-bridges-walk-5'), slug_uuid('workout:5'), null, 'Walking in Place', 'Recover by walking in place and preparing for the next movement.', 'walk'::interval_kind, 30, 11),
  (slug_uuid('interval:5:side-plank-dips-work-6'), slug_uuid('workout:5'), slug_uuid('exercise:side-plank-dips'), 'Side Plank Dips', 'In a side plank, lower hips slightly then lift using obliques.', 'exercise'::interval_kind, 30, 12),
  (slug_uuid('interval:5:side-plank-dips-walk-6'), slug_uuid('workout:5'), null, 'Walking in Place', 'Recover by walking in place and preparing for the next movement.', 'walk'::interval_kind, 30, 13),
  (slug_uuid('interval:5:dead-bugs-work-7'), slug_uuid('workout:5'), slug_uuid('exercise:dead-bugs'), 'Dead Bugs', 'Alternate opposite arm and leg extensions while keeping your low back stable.', 'exercise'::interval_kind, 30, 14),
  (slug_uuid('interval:5:dead-bugs-walk-7'), slug_uuid('workout:5'), null, 'Walking in Place', 'Recover by walking in place and preparing for the next movement.', 'walk'::interval_kind, 30, 15),
  (slug_uuid('interval:5:bicycle-crunches-work-8'), slug_uuid('workout:5'), slug_uuid('exercise:bicycle-crunches'), 'Bicycle Crunches', 'Alternate elbow-to-opposite-knee while extending the other leg.', 'exercise'::interval_kind, 30, 16),
  (slug_uuid('interval:5:bicycle-crunches-walk-8'), slug_uuid('workout:5'), null, 'Walking in Place', 'Recover by walking in place and preparing for the next movement.', 'walk'::interval_kind, 30, 17),
  (slug_uuid('interval:5:lying-leg-raises-work-9'), slug_uuid('workout:5'), slug_uuid('exercise:lying-leg-raises'), 'Lying Leg Raises', 'Raise straight legs from the floor and lower with core control.', 'exercise'::interval_kind, 30, 18),
  (slug_uuid('interval:5:lying-leg-raises-walk-9'), slug_uuid('workout:5'), null, 'Walking in Place', 'Recover by walking in place and preparing for the next movement.', 'walk'::interval_kind, 30, 19),
  (slug_uuid('interval:5:hollow-body-hold-work-10'), slug_uuid('workout:5'), slug_uuid('exercise:hollow-body-hold'), 'Hollow Body Hold', 'Hold a curved core position with lower back pressed into the floor.', 'exercise'::interval_kind, 30, 20),
  (slug_uuid('interval:5:hollow-body-hold-walk-10'), slug_uuid('workout:5'), null, 'Walking in Place', 'Recover by walking in place and preparing for the next movement.', 'walk'::interval_kind, 30, 21),
  (slug_uuid('interval:5:glute-bridges-work-11'), slug_uuid('workout:5'), slug_uuid('exercise:glute-bridges'), 'Glute Bridges', 'Lift hips from the floor by squeezing glutes, then lower with control.', 'exercise'::interval_kind, 30, 22),
  (slug_uuid('interval:5:glute-bridges-walk-11'), slug_uuid('workout:5'), null, 'Walking in Place', 'Recover by walking in place and preparing for the next movement.', 'walk'::interval_kind, 30, 23),
  (slug_uuid('interval:5:side-plank-dips-work-12'), slug_uuid('workout:5'), slug_uuid('exercise:side-plank-dips'), 'Side Plank Dips', 'In a side plank, lower hips slightly then lift using obliques.', 'exercise'::interval_kind, 30, 24),
  (slug_uuid('interval:5:side-plank-dips-walk-12'), slug_uuid('workout:5'), null, 'Walking in Place', 'Recover by walking in place and preparing for the next movement.', 'walk'::interval_kind, 30, 25),
  (slug_uuid('interval:5:dead-bugs-work-13'), slug_uuid('workout:5'), slug_uuid('exercise:dead-bugs'), 'Dead Bugs', 'Alternate opposite arm and leg extensions while keeping your low back stable.', 'exercise'::interval_kind, 30, 26),
  (slug_uuid('interval:5:dead-bugs-walk-13'), slug_uuid('workout:5'), null, 'Walking in Place', 'Recover by walking in place and preparing for the next movement.', 'walk'::interval_kind, 30, 27),
  (slug_uuid('interval:5:bicycle-crunches-work-14'), slug_uuid('workout:5'), slug_uuid('exercise:bicycle-crunches'), 'Bicycle Crunches', 'Alternate elbow-to-opposite-knee while extending the other leg.', 'exercise'::interval_kind, 30, 28),
  (slug_uuid('interval:5:bicycle-crunches-walk-14'), slug_uuid('workout:5'), null, 'Walking in Place', 'Recover by walking in place and preparing for the next movement.', 'walk'::interval_kind, 30, 29),
  (slug_uuid('interval:5:lying-leg-raises-work-15'), slug_uuid('workout:5'), slug_uuid('exercise:lying-leg-raises'), 'Lying Leg Raises', 'Raise straight legs from the floor and lower with core control.', 'exercise'::interval_kind, 30, 30),
  (slug_uuid('interval:5:lying-leg-raises-walk-15'), slug_uuid('workout:5'), null, 'Walking in Place', 'Recover by walking in place and preparing for the next movement.', 'walk'::interval_kind, 30, 31),
  (slug_uuid('interval:5:hollow-body-hold-work-16'), slug_uuid('workout:5'), slug_uuid('exercise:hollow-body-hold'), 'Hollow Body Hold', 'Hold a curved core position with lower back pressed into the floor.', 'exercise'::interval_kind, 30, 32),
  (slug_uuid('interval:5:hollow-body-hold-walk-16'), slug_uuid('workout:5'), null, 'Walking in Place', 'Recover by walking in place and preparing for the next movement.', 'walk'::interval_kind, 30, 33),
  (slug_uuid('interval:5:glute-bridges-work-17'), slug_uuid('workout:5'), slug_uuid('exercise:glute-bridges'), 'Glute Bridges', 'Lift hips from the floor by squeezing glutes, then lower with control.', 'exercise'::interval_kind, 30, 34),
  (slug_uuid('interval:5:glute-bridges-walk-17'), slug_uuid('workout:5'), null, 'Walking in Place', 'Recover by walking in place and preparing for the next movement.', 'walk'::interval_kind, 30, 35),
  (slug_uuid('interval:5:side-plank-dips-work-18'), slug_uuid('workout:5'), slug_uuid('exercise:side-plank-dips'), 'Side Plank Dips', 'In a side plank, lower hips slightly then lift using obliques.', 'exercise'::interval_kind, 30, 36),
  (slug_uuid('interval:5:side-plank-dips-walk-18'), slug_uuid('workout:5'), null, 'Walking in Place', 'Recover by walking in place and preparing for the next movement.', 'walk'::interval_kind, 30, 37),
  (slug_uuid('interval:5:dead-bugs-work-19'), slug_uuid('workout:5'), slug_uuid('exercise:dead-bugs'), 'Dead Bugs', 'Alternate opposite arm and leg extensions while keeping your low back stable.', 'exercise'::interval_kind, 30, 38),
  (slug_uuid('interval:5:dead-bugs-walk-19'), slug_uuid('workout:5'), null, 'Walking in Place', 'Recover by walking in place and preparing for the next movement.', 'walk'::interval_kind, 30, 39),
  (slug_uuid('interval:5:bicycle-crunches-work-20'), slug_uuid('workout:5'), slug_uuid('exercise:bicycle-crunches'), 'Bicycle Crunches', 'Alternate elbow-to-opposite-knee while extending the other leg.', 'exercise'::interval_kind, 30, 40),
  (slug_uuid('interval:5:bicycle-crunches-walk-20'), slug_uuid('workout:5'), null, 'Walking in Place', 'Recover by walking in place and preparing for the next movement.', 'walk'::interval_kind, 30, 41),
  (slug_uuid('interval:5:lying-leg-raises-work-21'), slug_uuid('workout:5'), slug_uuid('exercise:lying-leg-raises'), 'Lying Leg Raises', 'Raise straight legs from the floor and lower with core control.', 'exercise'::interval_kind, 30, 42),
  (slug_uuid('interval:5:lying-leg-raises-walk-21'), slug_uuid('workout:5'), null, 'Walking in Place', 'Recover by walking in place and preparing for the next movement.', 'walk'::interval_kind, 30, 43),
  (slug_uuid('interval:5:hollow-body-hold-work-22'), slug_uuid('workout:5'), slug_uuid('exercise:hollow-body-hold'), 'Hollow Body Hold', 'Hold a curved core position with lower back pressed into the floor.', 'exercise'::interval_kind, 30, 44),
  (slug_uuid('interval:5:hollow-body-hold-walk-22'), slug_uuid('workout:5'), null, 'Walking in Place', 'Recover by walking in place and preparing for the next movement.', 'walk'::interval_kind, 30, 45),
  (slug_uuid('interval:5:glute-bridges-work-23'), slug_uuid('workout:5'), slug_uuid('exercise:glute-bridges'), 'Glute Bridges', 'Lift hips from the floor by squeezing glutes, then lower with control.', 'exercise'::interval_kind, 30, 46),
  (slug_uuid('interval:5:glute-bridges-walk-23'), slug_uuid('workout:5'), null, 'Walking in Place', 'Recover by walking in place and preparing for the next movement.', 'walk'::interval_kind, 30, 47),
  (slug_uuid('interval:5:side-plank-dips-work-24'), slug_uuid('workout:5'), slug_uuid('exercise:side-plank-dips'), 'Side Plank Dips', 'In a side plank, lower hips slightly then lift using obliques.', 'exercise'::interval_kind, 30, 48),
  (slug_uuid('interval:5:side-plank-dips-walk-24'), slug_uuid('workout:5'), null, 'Walking in Place', 'Recover by walking in place and preparing for the next movement.', 'walk'::interval_kind, 30, 49),
  (slug_uuid('interval:5:dead-bugs-work-25'), slug_uuid('workout:5'), slug_uuid('exercise:dead-bugs'), 'Dead Bugs', 'Alternate opposite arm and leg extensions while keeping your low back stable.', 'exercise'::interval_kind, 30, 50),
  (slug_uuid('interval:5:dead-bugs-walk-25'), slug_uuid('workout:5'), null, 'Walking in Place', 'Recover by walking in place and preparing for the next movement.', 'walk'::interval_kind, 30, 51),
  (slug_uuid('interval:5:bicycle-crunches-work-26'), slug_uuid('workout:5'), slug_uuid('exercise:bicycle-crunches'), 'Bicycle Crunches', 'Alternate elbow-to-opposite-knee while extending the other leg.', 'exercise'::interval_kind, 30, 52),
  (slug_uuid('interval:5:bicycle-crunches-walk-26'), slug_uuid('workout:5'), null, 'Walking in Place', 'Recover by walking in place and preparing for the next movement.', 'walk'::interval_kind, 30, 53),
  (slug_uuid('interval:5:lying-leg-raises-work-27'), slug_uuid('workout:5'), slug_uuid('exercise:lying-leg-raises'), 'Lying Leg Raises', 'Raise straight legs from the floor and lower with core control.', 'exercise'::interval_kind, 30, 54),
  (slug_uuid('interval:5:lying-leg-raises-walk-27'), slug_uuid('workout:5'), null, 'Walking in Place', 'Recover by walking in place and preparing for the next movement.', 'walk'::interval_kind, 30, 55),
  (slug_uuid('interval:5:hollow-body-hold-work-28'), slug_uuid('workout:5'), slug_uuid('exercise:hollow-body-hold'), 'Hollow Body Hold', 'Hold a curved core position with lower back pressed into the floor.', 'exercise'::interval_kind, 30, 56),
  (slug_uuid('interval:5:hollow-body-hold-walk-28'), slug_uuid('workout:5'), null, 'Walking in Place', 'Recover by walking in place and preparing for the next movement.', 'walk'::interval_kind, 30, 57),
  (slug_uuid('interval:5:glute-bridges-work-29'), slug_uuid('workout:5'), slug_uuid('exercise:glute-bridges'), 'Glute Bridges', 'Lift hips from the floor by squeezing glutes, then lower with control.', 'exercise'::interval_kind, 30, 58),
  (slug_uuid('interval:5:glute-bridges-walk-29'), slug_uuid('workout:5'), null, 'Walking in Place', 'Recover by walking in place and preparing for the next movement.', 'walk'::interval_kind, 30, 59),
  (slug_uuid('interval:5:side-plank-dips-work-30'), slug_uuid('workout:5'), slug_uuid('exercise:side-plank-dips'), 'Side Plank Dips', 'In a side plank, lower hips slightly then lift using obliques.', 'exercise'::interval_kind, 30, 60),
  (slug_uuid('interval:6:warmup-walk'), slug_uuid('workout:6'), null, 'Walking in Place', 'Walk in place with tall posture, steady breathing, and relaxed arm swing.', 'walk'::interval_kind, 30, 1),
  (slug_uuid('interval:6:bird-dogs-work-1'), slug_uuid('workout:6'), slug_uuid('exercise:bird-dogs'), 'Bird Dogs', 'From all-fours, extend opposite arm and leg while staying balanced.', 'exercise'::interval_kind, 30, 2),
  (slug_uuid('interval:6:bird-dogs-walk-1'), slug_uuid('workout:6'), null, 'Walking in Place', 'Recover by walking in place and preparing for the next movement.', 'walk'::interval_kind, 30, 3),
  (slug_uuid('interval:6:reverse-snow-angels-work-2'), slug_uuid('workout:6'), slug_uuid('exercise:reverse-snow-angels'), 'Reverse Snow Angels', 'Lying face down, sweep arms from overhead to hips to train upper back.', 'exercise'::interval_kind, 30, 4),
  (slug_uuid('interval:6:reverse-snow-angels-walk-2'), slug_uuid('workout:6'), null, 'Walking in Place', 'Recover by walking in place and preparing for the next movement.', 'walk'::interval_kind, 30, 5),
  (slug_uuid('interval:6:superman-holds-work-3'), slug_uuid('workout:6'), slug_uuid('exercise:superman-holds'), 'Superman Holds', 'Lift chest, arms, and legs off the floor to engage posterior chain.', 'exercise'::interval_kind, 30, 6),
  (slug_uuid('interval:6:superman-holds-walk-3'), slug_uuid('workout:6'), null, 'Walking in Place', 'Recover by walking in place and preparing for the next movement.', 'walk'::interval_kind, 30, 7),
  (slug_uuid('interval:6:prone-swimmers-work-4'), slug_uuid('workout:6'), slug_uuid('exercise:prone-swimmers'), 'Prone Swimmers', 'Lying face down, move arms in a swimming pattern while lifting chest slightly.', 'exercise'::interval_kind, 30, 8),
  (slug_uuid('interval:6:prone-swimmers-walk-4'), slug_uuid('workout:6'), null, 'Walking in Place', 'Recover by walking in place and preparing for the next movement.', 'walk'::interval_kind, 30, 9),
  (slug_uuid('interval:6:bear-crawls-work-5'), slug_uuid('workout:6'), slug_uuid('exercise:bear-crawls'), 'Bear Crawls', 'Crawl forward and back with knees hovering just off the floor.', 'exercise'::interval_kind, 30, 10),
  (slug_uuid('interval:6:bear-crawls-walk-5'), slug_uuid('workout:6'), null, 'Walking in Place', 'Recover by walking in place and preparing for the next movement.', 'walk'::interval_kind, 30, 11),
  (slug_uuid('interval:6:crab-toe-touches-work-6'), slug_uuid('workout:6'), slug_uuid('exercise:crab-toe-touches'), 'Crab Toe Touches', 'From crab position, reach one hand to opposite foot and alternate.', 'exercise'::interval_kind, 30, 12),
  (slug_uuid('interval:6:crab-toe-touches-walk-6'), slug_uuid('workout:6'), null, 'Walking in Place', 'Recover by walking in place and preparing for the next movement.', 'walk'::interval_kind, 30, 13),
  (slug_uuid('interval:6:bird-dogs-work-7'), slug_uuid('workout:6'), slug_uuid('exercise:bird-dogs'), 'Bird Dogs', 'From all-fours, extend opposite arm and leg while staying balanced.', 'exercise'::interval_kind, 30, 14),
  (slug_uuid('interval:6:bird-dogs-walk-7'), slug_uuid('workout:6'), null, 'Walking in Place', 'Recover by walking in place and preparing for the next movement.', 'walk'::interval_kind, 30, 15),
  (slug_uuid('interval:6:reverse-snow-angels-work-8'), slug_uuid('workout:6'), slug_uuid('exercise:reverse-snow-angels'), 'Reverse Snow Angels', 'Lying face down, sweep arms from overhead to hips to train upper back.', 'exercise'::interval_kind, 30, 16),
  (slug_uuid('interval:6:reverse-snow-angels-walk-8'), slug_uuid('workout:6'), null, 'Walking in Place', 'Recover by walking in place and preparing for the next movement.', 'walk'::interval_kind, 30, 17),
  (slug_uuid('interval:6:superman-holds-work-9'), slug_uuid('workout:6'), slug_uuid('exercise:superman-holds'), 'Superman Holds', 'Lift chest, arms, and legs off the floor to engage posterior chain.', 'exercise'::interval_kind, 30, 18),
  (slug_uuid('interval:6:superman-holds-walk-9'), slug_uuid('workout:6'), null, 'Walking in Place', 'Recover by walking in place and preparing for the next movement.', 'walk'::interval_kind, 30, 19),
  (slug_uuid('interval:6:prone-swimmers-work-10'), slug_uuid('workout:6'), slug_uuid('exercise:prone-swimmers'), 'Prone Swimmers', 'Lying face down, move arms in a swimming pattern while lifting chest slightly.', 'exercise'::interval_kind, 30, 20),
  (slug_uuid('interval:6:prone-swimmers-walk-10'), slug_uuid('workout:6'), null, 'Walking in Place', 'Recover by walking in place and preparing for the next movement.', 'walk'::interval_kind, 30, 21),
  (slug_uuid('interval:6:bear-crawls-work-11'), slug_uuid('workout:6'), slug_uuid('exercise:bear-crawls'), 'Bear Crawls', 'Crawl forward and back with knees hovering just off the floor.', 'exercise'::interval_kind, 30, 22),
  (slug_uuid('interval:6:bear-crawls-walk-11'), slug_uuid('workout:6'), null, 'Walking in Place', 'Recover by walking in place and preparing for the next movement.', 'walk'::interval_kind, 30, 23),
  (slug_uuid('interval:6:crab-toe-touches-work-12'), slug_uuid('workout:6'), slug_uuid('exercise:crab-toe-touches'), 'Crab Toe Touches', 'From crab position, reach one hand to opposite foot and alternate.', 'exercise'::interval_kind, 30, 24),
  (slug_uuid('interval:6:crab-toe-touches-walk-12'), slug_uuid('workout:6'), null, 'Walking in Place', 'Recover by walking in place and preparing for the next movement.', 'walk'::interval_kind, 30, 25),
  (slug_uuid('interval:6:bird-dogs-work-13'), slug_uuid('workout:6'), slug_uuid('exercise:bird-dogs'), 'Bird Dogs', 'From all-fours, extend opposite arm and leg while staying balanced.', 'exercise'::interval_kind, 30, 26),
  (slug_uuid('interval:6:bird-dogs-walk-13'), slug_uuid('workout:6'), null, 'Walking in Place', 'Recover by walking in place and preparing for the next movement.', 'walk'::interval_kind, 30, 27),
  (slug_uuid('interval:6:reverse-snow-angels-work-14'), slug_uuid('workout:6'), slug_uuid('exercise:reverse-snow-angels'), 'Reverse Snow Angels', 'Lying face down, sweep arms from overhead to hips to train upper back.', 'exercise'::interval_kind, 30, 28),
  (slug_uuid('interval:6:reverse-snow-angels-walk-14'), slug_uuid('workout:6'), null, 'Walking in Place', 'Recover by walking in place and preparing for the next movement.', 'walk'::interval_kind, 30, 29),
  (slug_uuid('interval:6:superman-holds-work-15'), slug_uuid('workout:6'), slug_uuid('exercise:superman-holds'), 'Superman Holds', 'Lift chest, arms, and legs off the floor to engage posterior chain.', 'exercise'::interval_kind, 30, 30),
  (slug_uuid('interval:6:superman-holds-walk-15'), slug_uuid('workout:6'), null, 'Walking in Place', 'Recover by walking in place and preparing for the next movement.', 'walk'::interval_kind, 30, 31),
  (slug_uuid('interval:6:prone-swimmers-work-16'), slug_uuid('workout:6'), slug_uuid('exercise:prone-swimmers'), 'Prone Swimmers', 'Lying face down, move arms in a swimming pattern while lifting chest slightly.', 'exercise'::interval_kind, 30, 32),
  (slug_uuid('interval:6:prone-swimmers-walk-16'), slug_uuid('workout:6'), null, 'Walking in Place', 'Recover by walking in place and preparing for the next movement.', 'walk'::interval_kind, 30, 33),
  (slug_uuid('interval:6:bear-crawls-work-17'), slug_uuid('workout:6'), slug_uuid('exercise:bear-crawls'), 'Bear Crawls', 'Crawl forward and back with knees hovering just off the floor.', 'exercise'::interval_kind, 30, 34),
  (slug_uuid('interval:6:bear-crawls-walk-17'), slug_uuid('workout:6'), null, 'Walking in Place', 'Recover by walking in place and preparing for the next movement.', 'walk'::interval_kind, 30, 35),
  (slug_uuid('interval:6:crab-toe-touches-work-18'), slug_uuid('workout:6'), slug_uuid('exercise:crab-toe-touches'), 'Crab Toe Touches', 'From crab position, reach one hand to opposite foot and alternate.', 'exercise'::interval_kind, 30, 36),
  (slug_uuid('interval:6:crab-toe-touches-walk-18'), slug_uuid('workout:6'), null, 'Walking in Place', 'Recover by walking in place and preparing for the next movement.', 'walk'::interval_kind, 30, 37),
  (slug_uuid('interval:6:bird-dogs-work-19'), slug_uuid('workout:6'), slug_uuid('exercise:bird-dogs'), 'Bird Dogs', 'From all-fours, extend opposite arm and leg while staying balanced.', 'exercise'::interval_kind, 30, 38),
  (slug_uuid('interval:6:bird-dogs-walk-19'), slug_uuid('workout:6'), null, 'Walking in Place', 'Recover by walking in place and preparing for the next movement.', 'walk'::interval_kind, 30, 39),
  (slug_uuid('interval:6:reverse-snow-angels-work-20'), slug_uuid('workout:6'), slug_uuid('exercise:reverse-snow-angels'), 'Reverse Snow Angels', 'Lying face down, sweep arms from overhead to hips to train upper back.', 'exercise'::interval_kind, 30, 40),
  (slug_uuid('interval:6:reverse-snow-angels-walk-20'), slug_uuid('workout:6'), null, 'Walking in Place', 'Recover by walking in place and preparing for the next movement.', 'walk'::interval_kind, 30, 41),
  (slug_uuid('interval:6:superman-holds-work-21'), slug_uuid('workout:6'), slug_uuid('exercise:superman-holds'), 'Superman Holds', 'Lift chest, arms, and legs off the floor to engage posterior chain.', 'exercise'::interval_kind, 30, 42),
  (slug_uuid('interval:6:superman-holds-walk-21'), slug_uuid('workout:6'), null, 'Walking in Place', 'Recover by walking in place and preparing for the next movement.', 'walk'::interval_kind, 30, 43),
  (slug_uuid('interval:6:prone-swimmers-work-22'), slug_uuid('workout:6'), slug_uuid('exercise:prone-swimmers'), 'Prone Swimmers', 'Lying face down, move arms in a swimming pattern while lifting chest slightly.', 'exercise'::interval_kind, 30, 44),
  (slug_uuid('interval:6:prone-swimmers-walk-22'), slug_uuid('workout:6'), null, 'Walking in Place', 'Recover by walking in place and preparing for the next movement.', 'walk'::interval_kind, 30, 45),
  (slug_uuid('interval:6:bear-crawls-work-23'), slug_uuid('workout:6'), slug_uuid('exercise:bear-crawls'), 'Bear Crawls', 'Crawl forward and back with knees hovering just off the floor.', 'exercise'::interval_kind, 30, 46),
  (slug_uuid('interval:6:bear-crawls-walk-23'), slug_uuid('workout:6'), null, 'Walking in Place', 'Recover by walking in place and preparing for the next movement.', 'walk'::interval_kind, 30, 47),
  (slug_uuid('interval:6:crab-toe-touches-work-24'), slug_uuid('workout:6'), slug_uuid('exercise:crab-toe-touches'), 'Crab Toe Touches', 'From crab position, reach one hand to opposite foot and alternate.', 'exercise'::interval_kind, 30, 48),
  (slug_uuid('interval:6:crab-toe-touches-walk-24'), slug_uuid('workout:6'), null, 'Walking in Place', 'Recover by walking in place and preparing for the next movement.', 'walk'::interval_kind, 30, 49),
  (slug_uuid('interval:6:bird-dogs-work-25'), slug_uuid('workout:6'), slug_uuid('exercise:bird-dogs'), 'Bird Dogs', 'From all-fours, extend opposite arm and leg while staying balanced.', 'exercise'::interval_kind, 30, 50),
  (slug_uuid('interval:6:bird-dogs-walk-25'), slug_uuid('workout:6'), null, 'Walking in Place', 'Recover by walking in place and preparing for the next movement.', 'walk'::interval_kind, 30, 51),
  (slug_uuid('interval:6:reverse-snow-angels-work-26'), slug_uuid('workout:6'), slug_uuid('exercise:reverse-snow-angels'), 'Reverse Snow Angels', 'Lying face down, sweep arms from overhead to hips to train upper back.', 'exercise'::interval_kind, 30, 52),
  (slug_uuid('interval:6:reverse-snow-angels-walk-26'), slug_uuid('workout:6'), null, 'Walking in Place', 'Recover by walking in place and preparing for the next movement.', 'walk'::interval_kind, 30, 53),
  (slug_uuid('interval:6:superman-holds-work-27'), slug_uuid('workout:6'), slug_uuid('exercise:superman-holds'), 'Superman Holds', 'Lift chest, arms, and legs off the floor to engage posterior chain.', 'exercise'::interval_kind, 30, 54),
  (slug_uuid('interval:6:superman-holds-walk-27'), slug_uuid('workout:6'), null, 'Walking in Place', 'Recover by walking in place and preparing for the next movement.', 'walk'::interval_kind, 30, 55),
  (slug_uuid('interval:6:prone-swimmers-work-28'), slug_uuid('workout:6'), slug_uuid('exercise:prone-swimmers'), 'Prone Swimmers', 'Lying face down, move arms in a swimming pattern while lifting chest slightly.', 'exercise'::interval_kind, 30, 56),
  (slug_uuid('interval:6:prone-swimmers-walk-28'), slug_uuid('workout:6'), null, 'Walking in Place', 'Recover by walking in place and preparing for the next movement.', 'walk'::interval_kind, 30, 57),
  (slug_uuid('interval:6:bear-crawls-work-29'), slug_uuid('workout:6'), slug_uuid('exercise:bear-crawls'), 'Bear Crawls', 'Crawl forward and back with knees hovering just off the floor.', 'exercise'::interval_kind, 30, 58),
  (slug_uuid('interval:6:bear-crawls-walk-29'), slug_uuid('workout:6'), null, 'Walking in Place', 'Recover by walking in place and preparing for the next movement.', 'walk'::interval_kind, 30, 59),
  (slug_uuid('interval:6:crab-toe-touches-work-30'), slug_uuid('workout:6'), slug_uuid('exercise:crab-toe-touches'), 'Crab Toe Touches', 'From crab position, reach one hand to opposite foot and alternate.', 'exercise'::interval_kind, 30, 60);

commit;
